"id";"nombres";"apellidos";"correo";"password";"habilitado";"provider";"provider_id";"created_at";"updated_at"
"843a94ca-b79a-486a-89be-f88728bff79f";Juan;Pérez;juan.perez@mail.com;$2a$12$8.V9TrkvclM9vWZ1kVm8HeIzJP6vS4ASeJzYpB29G/pY1XNq8K4a2;true;LOCAL;;2026-02-19 09:01:07.918 -0500;
"13f8eb29-e1f3-422f-b8f7-0108d380deb6";María;García;maria.garcia@mail.com;$2a$12$8.V9TrkvclM9vWZ1kVm8HeIzJP6vS4ASeJzYpB29G/pY1XNq8K4a2;true;LOCAL;;2026-02-19 09:01:07.918 -0500;
"96b26cf2-ef89-4d87-b84b-71808953c99a";Carlos;Rodríguez;carlos.rod@mail.com;$2a$12$8.V9TrkvclM9vWZ1kVm8HeIzJP6vS4ASeJzYpB29G/pY1XNq8K4a2;true;LOCAL;;2026-02-19 09:01:07.918 -0500;
"7248622d-fb96-4f5a-857c-7833f32c0b5a";Ana;Martínez;ana.mtz@mail.com;$2a$12$8.V9TrkvclM9vWZ1kVm8HeIzJP6vS4ASeJzYpB29G/pY1XNq8K4a2;true;LOCAL;;2026-02-19 09:01:07.918 -0500;
d58a1766-c7a2-4bc5-8f1e-12d7cff4b7dd;Luis;Sánchez;luis.san@mail.com;$2a$12$8.V9TrkvclM9vWZ1kVm8HeIzJP6vS4ASeJzYpB29G/pY1XNq8K4a2;true;LOCAL;;2026-02-19 09:01:07.918 -0500;
"985c873f-8a73-4314-9ebd-68a7b5035c11";Elena;Gómez;elena.gomez@mail.com;$2a$12$8.V9TrkvclM9vWZ1kVm8HeIzJP6vS4ASeJzYpB29G/pY1XNq8K4a2;true;LOCAL;;2026-02-19 09:01:07.918 -0500;
e6403133-0714-4e46-bc5a-21399c71a244;Ricardo;Díaz;ricardo.diaz@mail.com;$2a$12$8.V9TrkvclM9vWZ1kVm8HeIzJP6vS4ASeJzYpB29G/pY1XNq8K4a2;false;LOCAL;;2026-02-19 09:01:07.918 -0500;
"4b84f726-18ec-46f9-aa27-f4e00eee54b4";Sofía;Torres;sofia.torres@mail.com;$2a$12$8.V9TrkvclM9vWZ1kVm8HeIzJP6vS4ASeJzYpB29G/pY1XNq8K4a2;true;LOCAL;;2026-02-19 09:01:07.918 -0500;
"41d218c7-84fb-4ad4-b0f1-50e0beb8817f";Fernando;Castro;fer.castro@mail.com;$2a$12$8.V9TrkvclM9vWZ1kVm8HeIzJP6vS4ASeJzYpB29G/pY1XNq8K4a2;true;LOCAL;;2026-02-19 09:01:07.918 -0500;
"36380d70-2e56-4a03-a611-c40e76547b8e";Lucía;Morales;lucia.mo@mail.com;$2a$12$8.V9TrkvclM9vWZ1kVm8HeIzJP6vS4ASeJzYpB29G/pY1XNq8K4a2;true;LOCAL;;2026-02-19 09:01:07.918 -0500;
"450651a0-c206-4db0-ad7f-4e7a825b2eb8";Luis Enrique;Núñez Ramos;luis.enrique.nunez.ramos@gmail.com;;true;GOOGLE;"112888315126881733730";2026-02-19 10:02:15.317 -0500;
e6ae473f-dc46-4b6d-a4de-71010a137571;Nicol;Morillo;nicol.morillo@uni.pe;$2a$10$YZ019RmKAUPpibb8fXUXU.4IzPsPbWb8lSPSk5D8mCIe7ATARiVHm;true;LOCAL;;2026-02-19 11:26:56.158 -0500;
"65d55f20-871d-4261-86bd-6ff237673916";Juan;Velarde;juan.velarde@example.com;$2a$10$TtfaxMq4IfhlXUSQlSCEdeyv/1lvK78d/zkjpxRqAcTqrvVlb.SpG;true;LOCAL;;2026-02-19 11:56:57.772 -0500;2026-02-19 12:17:33.601 -0500
"948395ca-3a96-45f0-992a-34fbeaf7337a";Salma;Zedillo;concepcioncalvillo@uni.pe;$12$8.V9TrkvclM9vWZ1kVm8HeIzJP6vS4ASeJzYpB29G/pY1XNq8K4a2;true;LOCAL;;2026-02-19 14:21:11.190 -0500;
"2e0d020d-7967-4b2b-b2e3-cc0634a8401a";Lucas;Collado;josholguin@uni.pe;$12$8.V9TrkvclM9vWZ1kVm8HeIzJP6vS4ASeJzYpB29G/pY1XNq8K4a2;true;LOCAL;;2026-02-19 14:21:11.190 -0500;
"4353fc04-dd55-4ff6-b62a-6c4ecb41c91d";Rebeca;Espinal;verdugodaniela@uni.pe;$12$8.V9TrkvclM9vWZ1kVm8HeIzJP6vS4ASeJzYpB29G/pY1XNq8K4a2;true;LOCAL;;2026-02-19 14:21:11.190 -0500;
c1507f1b-f7f6-46b2-83f5-9e568c23fa89;Cristobal;Regalado;aperales@uni.pe;$12$8.V9TrkvclM9vWZ1kVm8HeIzJP6vS4ASeJzYpB29G/pY1XNq8K4a2;true;LOCAL;;2026-02-19 14:21:11.190 -0500;
d13e5b3a-11ec-439f-8d25-f021b28cfc96;Karla;Rodarte;jorge-luisleyva@uni.pe;$12$8.V9TrkvclM9vWZ1kVm8HeIzJP6vS4ASeJzYpB29G/pY1XNq8K4a2;true;LOCAL;;2026-02-19 14:21:11.190 -0500;
c8bcb564-aa1b-4232-ac53-0eb036cfc14a;Norma;Rodríguez;gespino@uni.pe;$12$8.V9TrkvclM9vWZ1kVm8HeIzJP6vS4ASeJzYpB29G/pY1XNq8K4a2;true;LOCAL;;2026-02-19 14:21:11.190 -0500;
"59ff7748-57ea-4596-a986-08515e99c100";Omar;Galarza;nadiaarteaga@uni.pe;$12$8.V9TrkvclM9vWZ1kVm8HeIzJP6vS4ASeJzYpB29G/pY1XNq8K4a2;true;LOCAL;;2026-02-19 14:21:11.190 -0500;
ba746773-d6e5-4d96-9f0b-1acaac92bdee;Lilia;Cruz;tpulido@uni.pe;$12$8.V9TrkvclM9vWZ1kVm8HeIzJP6vS4ASeJzYpB29G/pY1XNq8K4a2;true;LOCAL;;2026-02-19 14:21:11.190 -0500;
e6583bac-ace6-4f93-9ac8-41aa6901d290;Débora;Barrera;evelio11@uni.pe;$12$8.V9TrkvclM9vWZ1kVm8HeIzJP6vS4ASeJzYpB29G/pY1XNq8K4a2;true;LOCAL;;2026-02-19 14:21:11.190 -0500;
f23d2c5f-e43a-4703-bc05-da5773e3dd91;Jacobo;Alcaraz;lucas43@uni.pe;$12$8.V9TrkvclM9vWZ1kVm8HeIzJP6vS4ASeJzYpB29G/pY1XNq8K4a2;true;LOCAL;;2026-02-19 14:21:11.190 -0500;
"330d0221-528b-4483-8e02-1cfad96efe0b";Teodoro;Valadez;porrasnatividad@uni.pe;$12$8.V9TrkvclM9vWZ1kVm8HeIzJP6vS4ASeJzYpB29G/pY1XNq8K4a2;true;LOCAL;;2026-02-19 14:21:11.190 -0500;
ad70fb04-fd27-43a4-a4b7-c51cdbd98579;Cristian;Menéndez;jorge-luisrocha@uni.pe;$12$8.V9TrkvclM9vWZ1kVm8HeIzJP6vS4ASeJzYpB29G/pY1XNq8K4a2;true;LOCAL;;2026-02-19 14:21:11.190 -0500;
d2127126-62c9-4739-a5a2-5d426a8bec1b;Virginia;Montes;dvelasquez@uni.pe;$12$8.V9TrkvclM9vWZ1kVm8HeIzJP6vS4ASeJzYpB29G/pY1XNq8K4a2;true;LOCAL;;2026-02-19 14:21:11.190 -0500;
f1220a6a-97e3-4310-a5d4-0086e4273f8e;Berta;Soliz;bmontoya@uni.pe;$12$8.V9TrkvclM9vWZ1kVm8HeIzJP6vS4ASeJzYpB29G/pY1XNq8K4a2;true;LOCAL;;2026-02-19 14:21:11.190 -0500;
"23d3d3e6-f9ac-4e12-9adb-de33192239af";Natalia;Aparicio;cristobal09@uni.pe;$12$8.V9TrkvclM9vWZ1kVm8HeIzJP6vS4ASeJzYpB29G/pY1XNq8K4a2;true;LOCAL;;2026-02-19 14:21:11.190 -0500;
"148b9089-8814-4505-ae2a-008c2e1fecc6";Nayeli;Linares;vargasjose-emilio@uni.pe;$12$8.V9TrkvclM9vWZ1kVm8HeIzJP6vS4ASeJzYpB29G/pY1XNq8K4a2;true;LOCAL;;2026-02-19 14:21:11.190 -0500;
e9884be6-107b-4b58-893c-415e37956315;Gabriel;Garrido;anayaperla@uni.pe;$12$8.V9TrkvclM9vWZ1kVm8HeIzJP6vS4ASeJzYpB29G/pY1XNq8K4a2;true;LOCAL;;2026-02-19 14:21:11.190 -0500;
e76f3920-7a67-46de-8e15-0fd4cdfbee83;Ilse;Montero;zeferino85@uni.pe;$12$8.V9TrkvclM9vWZ1kVm8HeIzJP6vS4ASeJzYpB29G/pY1XNq8K4a2;true;LOCAL;;2026-02-19 14:21:11.190 -0500;
"0f57f266-c571-4244-a39f-bc41eaff42a3";Marcos;Oquendo;mezafabiola@uni.pe;$12$8.V9TrkvclM9vWZ1kVm8HeIzJP6vS4ASeJzYpB29G/pY1XNq8K4a2;true;LOCAL;;2026-02-19 14:21:11.190 -0500;
e5497581-9532-4904-90cb-34fc24855f62;Anabel;Arteaga;claudio62@uni.pe;$12$8.V9TrkvclM9vWZ1kVm8HeIzJP6vS4ASeJzYpB29G/pY1XNq8K4a2;true;LOCAL;;2026-02-19 14:21:11.190 -0500;
"908c342f-ab78-41d0-b811-e20026bf0fa4";Marisela;Ramos;alfonsoharo@uni.pe;$12$8.V9TrkvclM9vWZ1kVm8HeIzJP6vS4ASeJzYpB29G/pY1XNq8K4a2;true;LOCAL;;2026-02-19 14:21:11.190 -0500;
"2a8d942d-8d97-4ae4-8540-092ad8800635";Leticia;Rojo;josefina49@uni.pe;$12$8.V9TrkvclM9vWZ1kVm8HeIzJP6vS4ASeJzYpB29G/pY1XNq8K4a2;true;LOCAL;;2026-02-19 14:21:11.190 -0500;
b443c539-442e-4dee-933b-04dc9e7b11c5;Rebeca;Roybal;rosavela@uni.pe;$12$8.V9TrkvclM9vWZ1kVm8HeIzJP6vS4ASeJzYpB29G/pY1XNq8K4a2;true;LOCAL;;2026-02-19 14:21:11.190 -0500;
"09aec473-0f42-4e3e-b63c-673d3b61a656";Gustavo;Cardona;paolacantu@uni.pe;$12$8.V9TrkvclM9vWZ1kVm8HeIzJP6vS4ASeJzYpB29G/pY1XNq8K4a2;true;LOCAL;;2026-02-19 14:21:11.190 -0500;
"4c5358cb-5398-4b7d-b44f-5c2014ef1cbd";Aida;Collazo;renedel-valle@uni.pe;$12$8.V9TrkvclM9vWZ1kVm8HeIzJP6vS4ASeJzYpB29G/pY1XNq8K4a2;true;LOCAL;;2026-02-19 14:21:11.190 -0500;
"21ba6879-e43a-4c40-a01d-33f9efce1d87";Aldonza;Colón;felix70@uni.pe;$12$8.V9TrkvclM9vWZ1kVm8HeIzJP6vS4ASeJzYpB29G/pY1XNq8K4a2;true;LOCAL;;2026-02-19 14:21:11.190 -0500;
"82e992de-e670-492b-931d-6f8a20e3779a";Zeferino;Loya;socorrorosado@uni.pe;$12$8.V9TrkvclM9vWZ1kVm8HeIzJP6vS4ASeJzYpB29G/pY1XNq8K4a2;true;LOCAL;;2026-02-19 14:21:11.190 -0500;
bab5167f-88b1-4356-aa15-9afa22b86c26;Miguel;Ramírez;de-andaoscar@uni.pe;$12$8.V9TrkvclM9vWZ1kVm8HeIzJP6vS4ASeJzYpB29G/pY1XNq8K4a2;true;LOCAL;;2026-02-19 14:21:11.190 -0500;
fbf3f0ff-a5ff-4d2a-adf2-d6f479996f8c;Roberto;Jaime;debora74@uni.pe;$12$8.V9TrkvclM9vWZ1kVm8HeIzJP6vS4ASeJzYpB29G/pY1XNq8K4a2;true;LOCAL;;2026-02-19 14:21:11.190 -0500;
b65672ff-3211-48fb-92b4-751a748b870b;Jorge Luis;Sauceda;rene18@uni.pe;$12$8.V9TrkvclM9vWZ1kVm8HeIzJP6vS4ASeJzYpB29G/pY1XNq8K4a2;true;LOCAL;;2026-02-19 14:21:11.190 -0500;
"4b11b363-46aa-4b26-87a9-cccd66606c93";Esmeralda;Zarate;hermelinda45@uni.pe;$12$8.V9TrkvclM9vWZ1kVm8HeIzJP6vS4ASeJzYpB29G/pY1XNq8K4a2;true;LOCAL;;2026-02-19 14:21:11.190 -0500;
"4e72e5bb-7a78-4885-8978-cf20bff33e01";César;Zamudio;leonadela@uni.pe;$12$8.V9TrkvclM9vWZ1kVm8HeIzJP6vS4ASeJzYpB29G/pY1XNq8K4a2;true;LOCAL;;2026-02-19 14:21:11.190 -0500;
f2396f30-ebfd-4f5c-879b-85e3638ff75c;Alfonso;Casanova;mrendon@uni.pe;$12$8.V9TrkvclM9vWZ1kVm8HeIzJP6vS4ASeJzYpB29G/pY1XNq8K4a2;true;LOCAL;;2026-02-19 14:21:11.190 -0500;
ddb95e1f-cbcc-4482-b101-b1c9f5553e74;Antonio;Yáñez;rayafrida@uni.pe;$12$8.V9TrkvclM9vWZ1kVm8HeIzJP6vS4ASeJzYpB29G/pY1XNq8K4a2;true;LOCAL;;2026-02-19 14:21:11.190 -0500;
"7ecc18e5-30e1-4c22-9bff-e1bcd03d3bd6";Rolando;Collado;lruelas@uni.pe;$12$8.V9TrkvclM9vWZ1kVm8HeIzJP6vS4ASeJzYpB29G/pY1XNq8K4a2;true;LOCAL;;2026-02-19 14:21:11.190 -0500;
efee7ac8-baed-4e60-b767-1212310ccc45;Claudia;Sierra;preciadoantonia@uni.pe;$12$8.V9TrkvclM9vWZ1kVm8HeIzJP6vS4ASeJzYpB29G/pY1XNq8K4a2;true;LOCAL;;2026-02-19 14:21:11.190 -0500;
ea1e42cf-0a9a-4368-8882-70b73741644c;Yolanda;Olivo;francisca90@uni.pe;$12$8.V9TrkvclM9vWZ1kVm8HeIzJP6vS4ASeJzYpB29G/pY1XNq8K4a2;true;LOCAL;;2026-02-19 14:21:11.190 -0500;
a7202983-5199-4fb0-9aba-1b0ca8d5e447;Antonia;Toro;ramosmicaela@uni.pe;$12$8.V9TrkvclM9vWZ1kVm8HeIzJP6vS4ASeJzYpB29G/pY1XNq8K4a2;true;LOCAL;;2026-02-19 14:21:11.190 -0500;
"5b09bdd4-19f2-4fd3-937e-5f2277075c0f";Serafín;Casárez;jose-luisgarica@uni.pe;$12$8.V9TrkvclM9vWZ1kVm8HeIzJP6vS4ASeJzYpB29G/pY1XNq8K4a2;true;LOCAL;;2026-02-19 14:21:11.190 -0500;
bc4e92af-8939-449c-870f-2bb8d887dde3;Ana Luisa;Hidalgo;csalazar@uni.pe;$12$8.V9TrkvclM9vWZ1kVm8HeIzJP6vS4ASeJzYpB29G/pY1XNq8K4a2;true;LOCAL;;2026-02-19 14:21:11.190 -0500;
"7bd1edc4-a713-4f80-9212-76b587283c80";Úrsula;Aparicio;alberto05@uni.pe;$12$8.V9TrkvclM9vWZ1kVm8HeIzJP6vS4ASeJzYpB29G/pY1XNq8K4a2;true;LOCAL;;2026-02-19 14:21:11.190 -0500;
"2ffd3b74-b3d7-4baf-b6da-8d854e27f819";Gerardo;Cervántez;zacariasgranado@uni.pe;$12$8.V9TrkvclM9vWZ1kVm8HeIzJP6vS4ASeJzYpB29G/pY1XNq8K4a2;true;LOCAL;;2026-02-19 14:21:11.190 -0500;
"534a2a93-3362-49c7-98f4-a9733fbc3b24";Catalina;Carmona;ksalazar@uni.pe;$12$8.V9TrkvclM9vWZ1kVm8HeIzJP6vS4ASeJzYpB29G/pY1XNq8K4a2;true;LOCAL;;2026-02-19 14:21:11.190 -0500;
b3e31eea-dc61-48cf-9d74-c543d784ef93;Claudia;Posada;fridacorrea@uni.pe;$12$8.V9TrkvclM9vWZ1kVm8HeIzJP6vS4ASeJzYpB29G/pY1XNq8K4a2;true;LOCAL;;2026-02-19 14:21:11.190 -0500;
"7600714b-ba60-442a-8606-86f09bc88fee";Aurelio;Bahena;icollazo@uni.pe;$12$8.V9TrkvclM9vWZ1kVm8HeIzJP6vS4ASeJzYpB29G/pY1XNq8K4a2;true;LOCAL;;2026-02-19 14:21:11.190 -0500;
"2dc93b8e-dec4-4f5a-8cd7-2dca42284d41";Federico;García;ncaballero@uni.pe;$12$8.V9TrkvclM9vWZ1kVm8HeIzJP6vS4ASeJzYpB29G/pY1XNq8K4a2;true;LOCAL;;2026-02-19 14:21:11.190 -0500;
"6421cccc-9244-4e20-a3ee-14a40c986fff";Juan Carlos;Suárez;cpalomo@uni.pe;$12$8.V9TrkvclM9vWZ1kVm8HeIzJP6vS4ASeJzYpB29G/pY1XNq8K4a2;true;LOCAL;;2026-02-19 14:21:11.190 -0500;
dae35b69-bf07-46b6-81c3-ba2c820eee83;Judith;Vega;federicocasarez@uni.pe;$12$8.V9TrkvclM9vWZ1kVm8HeIzJP6vS4ASeJzYpB29G/pY1XNq8K4a2;true;LOCAL;;2026-02-19 14:21:11.190 -0500;
"504ffee1-4e3b-4069-b653-f7702d3160d7";Joaquín;Arteaga;duenasfrancisco-javi@uni.pe;$12$8.V9TrkvclM9vWZ1kVm8HeIzJP6vS4ASeJzYpB29G/pY1XNq8K4a2;true;LOCAL;;2026-02-19 14:21:11.190 -0500;
cc4bee73-1cc8-48c7-b354-4b0e6f826c87;Mariano;Arroyo;rodrigo37@uni.pe;$12$8.V9TrkvclM9vWZ1kVm8HeIzJP6vS4ASeJzYpB29G/pY1XNq8K4a2;true;LOCAL;;2026-02-19 14:21:11.190 -0500;
"3f13ec7d-9ba2-4996-93ed-49b276e99cf2";Violeta;Rivero;montemayorisaac@uni.pe;$12$8.V9TrkvclM9vWZ1kVm8HeIzJP6vS4ASeJzYpB29G/pY1XNq8K4a2;true;LOCAL;;2026-02-19 14:21:11.190 -0500;
"06db4ca9-55a8-4df2-bb5b-5fa7e5578607";Víctor;Quintanilla;ojedasara@uni.pe;$12$8.V9TrkvclM9vWZ1kVm8HeIzJP6vS4ASeJzYpB29G/pY1XNq8K4a2;true;LOCAL;;2026-02-19 14:21:11.190 -0500;
"32091c99-5379-465c-b2d1-739bd70c1e85";Linda;Burgos;hurtadomarisol@uni.pe;$12$8.V9TrkvclM9vWZ1kVm8HeIzJP6vS4ASeJzYpB29G/pY1XNq8K4a2;true;LOCAL;;2026-02-19 14:21:11.190 -0500;
e2556116-d7ff-4347-b147-f36717071294;Dalia;Rodrígez;samaniegocarlos@uni.pe;$12$8.V9TrkvclM9vWZ1kVm8HeIzJP6vS4ASeJzYpB29G/pY1XNq8K4a2;true;LOCAL;;2026-02-19 14:21:11.190 -0500;
"8563b803-3a3b-47d4-a592-39bc512e0c83";Inés;Balderas;gloriajiminez@uni.pe;$12$8.V9TrkvclM9vWZ1kVm8HeIzJP6vS4ASeJzYpB29G/pY1XNq8K4a2;true;LOCAL;;2026-02-19 14:21:11.190 -0500;
"0f2fda40-fd38-4fc8-8f6f-e7f84327cb9e";Olivia;Mata;tafoyayuridia@uni.pe;$12$8.V9TrkvclM9vWZ1kVm8HeIzJP6vS4ASeJzYpB29G/pY1XNq8K4a2;true;LOCAL;;2026-02-19 14:21:11.190 -0500;
"94bc93f8-a410-49c9-bb37-6b57750e95b8";Julio;Moreno;aliciamalave@uni.pe;$12$8.V9TrkvclM9vWZ1kVm8HeIzJP6vS4ASeJzYpB29G/pY1XNq8K4a2;true;LOCAL;;2026-02-19 14:21:11.190 -0500;
"840a4cf5-c633-4479-8f96-f8b8dd52dcc5";Dolores;Castellanos;huertaalma@uni.pe;$12$8.V9TrkvclM9vWZ1kVm8HeIzJP6vS4ASeJzYpB29G/pY1XNq8K4a2;true;LOCAL;;2026-02-19 14:21:11.190 -0500;
"4a359d60-0fba-46cf-a53c-71c5dd4e8081";Miguel Ángel;de la O;monica07@uni.pe;$12$8.V9TrkvclM9vWZ1kVm8HeIzJP6vS4ASeJzYpB29G/pY1XNq8K4a2;true;LOCAL;;2026-02-19 14:21:11.190 -0500;
a80c2970-7523-46aa-8f2a-27534ed32d95;Cecilia;Suárez;kcazares@uni.pe;$12$8.V9TrkvclM9vWZ1kVm8HeIzJP6vS4ASeJzYpB29G/pY1XNq8K4a2;true;LOCAL;;2026-02-19 14:21:11.190 -0500;
"257bd2f3-1c0b-4fcf-a8b3-f2931799e394";Tomás;Longoria;esparzasalvador@uni.pe;$12$8.V9TrkvclM9vWZ1kVm8HeIzJP6vS4ASeJzYpB29G/pY1XNq8K4a2;true;LOCAL;;2026-02-19 14:21:11.190 -0500;
f58c97b4-0b00-4f51-b033-501d23a4c525;Lorenzo;Delgadillo;saramata@uni.pe;$12$8.V9TrkvclM9vWZ1kVm8HeIzJP6vS4ASeJzYpB29G/pY1XNq8K4a2;true;LOCAL;;2026-02-19 14:21:11.190 -0500;
da9b0f17-69d3-4285-bc0a-5efb16153d67;Estela;Pacheco;caridadacuna@uni.pe;$12$8.V9TrkvclM9vWZ1kVm8HeIzJP6vS4ASeJzYpB29G/pY1XNq8K4a2;true;LOCAL;;2026-02-19 14:21:11.190 -0500;
"23456933-dadd-4080-94b7-e39bf35f3a6e";Aldo;Gómez;jmatos@uni.pe;$12$8.V9TrkvclM9vWZ1kVm8HeIzJP6vS4ASeJzYpB29G/pY1XNq8K4a2;true;LOCAL;;2026-02-19 14:21:11.190 -0500;
"81586315-15ea-4c9f-9609-23c32c928439";Ruby;Lemus;esmeraldatello@uni.pe;$12$8.V9TrkvclM9vWZ1kVm8HeIzJP6vS4ASeJzYpB29G/pY1XNq8K4a2;true;LOCAL;;2026-02-19 14:21:11.190 -0500;
"724f070d-9135-4d1a-bfe4-546df9094db6";Helena;Espinal;felicianocitlali@uni.pe;$12$8.V9TrkvclM9vWZ1kVm8HeIzJP6vS4ASeJzYpB29G/pY1XNq8K4a2;true;LOCAL;;2026-02-19 14:21:11.190 -0500;
a281f993-63b1-4edb-8f88-7b3fb1a2e948;Esperanza;Tejeda;alemandebora@uni.pe;$12$8.V9TrkvclM9vWZ1kVm8HeIzJP6vS4ASeJzYpB29G/pY1XNq8K4a2;true;LOCAL;;2026-02-19 14:21:11.190 -0500;
"48aeb121-4f03-4b9d-8d32-5351ee8c4b48";Gustavo;Collado;sonia25@uni.pe;$12$8.V9TrkvclM9vWZ1kVm8HeIzJP6vS4ASeJzYpB29G/pY1XNq8K4a2;true;LOCAL;;2026-02-19 14:21:11.190 -0500;
ae7075af-d1d6-4725-8b33-7ddb6a9fe969;Adela;Noriega;sessa89@uni.pe;$12$8.V9TrkvclM9vWZ1kVm8HeIzJP6vS4ASeJzYpB29G/pY1XNq8K4a2;true;LOCAL;;2026-02-19 14:21:11.190 -0500;
"3fa4152e-059e-470e-a809-034709f1611c";Amador;de la Crúz;angelaperales@uni.pe;$12$8.V9TrkvclM9vWZ1kVm8HeIzJP6vS4ASeJzYpB29G/pY1XNq8K4a2;true;LOCAL;;2026-02-19 14:21:11.190 -0500;
f863decc-7555-40a3-be1a-74e28369b5e2;Eloy;Zamora;nancymiranda@uni.pe;$12$8.V9TrkvclM9vWZ1kVm8HeIzJP6vS4ASeJzYpB29G/pY1XNq8K4a2;true;LOCAL;;2026-02-19 14:21:11.190 -0500;
"39e5b22e-c699-41b5-a855-29293edaad1a";Isaac;Alonzo;luis-miguel27@uni.pe;$12$8.V9TrkvclM9vWZ1kVm8HeIzJP6vS4ASeJzYpB29G/pY1XNq8K4a2;true;LOCAL;;2026-02-19 14:21:11.190 -0500;
"9b2efdd3-a48a-4ada-8e1e-4d8263e3b35b";Raquel;Candelaria;presendez@uni.pe;$12$8.V9TrkvclM9vWZ1kVm8HeIzJP6vS4ASeJzYpB29G/pY1XNq8K4a2;true;LOCAL;;2026-02-19 14:21:11.190 -0500;
"46a2779e-f8cc-4fc2-a164-5e83d6991957";María;Sánchez;raul87@uni.pe;$12$8.V9TrkvclM9vWZ1kVm8HeIzJP6vS4ASeJzYpB29G/pY1XNq8K4a2;true;LOCAL;;2026-02-19 14:21:11.190 -0500;
"0475d4bd-e8eb-4106-9bf3-ef66178aaa42";Reina;Orta;ramosdaniel@uni.pe;$12$8.V9TrkvclM9vWZ1kVm8HeIzJP6vS4ASeJzYpB29G/pY1XNq8K4a2;true;LOCAL;;2026-02-19 14:21:11.190 -0500;
d16d8da8-3474-464f-8049-dc5f753e9853;Javier;Colón;ameliasalas@uni.pe;$12$8.V9TrkvclM9vWZ1kVm8HeIzJP6vS4ASeJzYpB29G/pY1XNq8K4a2;true;LOCAL;;2026-02-19 14:21:11.190 -0500;
a37ceaab-b0a4-4fe8-9f22-f86a68d3c732;Catalina;Ulloa;judithgallardo@uni.pe;$12$8.V9TrkvclM9vWZ1kVm8HeIzJP6vS4ASeJzYpB29G/pY1XNq8K4a2;true;LOCAL;;2026-02-19 14:21:11.190 -0500;
"074b486d-89e3-4c81-ba05-87346704b2a0";Eloisa;Bahena;silvia58@uni.pe;$12$8.V9TrkvclM9vWZ1kVm8HeIzJP6vS4ASeJzYpB29G/pY1XNq8K4a2;true;LOCAL;;2026-02-19 14:21:11.190 -0500;
"9aca1633-698f-435a-811c-4515b43a24a4";Jos;Ruiz;dianasarabia@uni.pe;$12$8.V9TrkvclM9vWZ1kVm8HeIzJP6vS4ASeJzYpB29G/pY1XNq8K4a2;true;LOCAL;;2026-02-19 14:21:11.190 -0500;
"6a7a5228-851f-420f-8824-492299e47c95";Olga;de la O;colladoteresa@uni.pe;$12$8.V9TrkvclM9vWZ1kVm8HeIzJP6vS4ASeJzYpB29G/pY1XNq8K4a2;true;LOCAL;;2026-02-19 14:21:11.190 -0500;
"5bfcaa08-0b35-44ff-84b9-a445583a2b8f";Itzel;Garza;villarrealhumberto@uni.pe;$12$8.V9TrkvclM9vWZ1kVm8HeIzJP6vS4ASeJzYpB29G/pY1XNq8K4a2;true;LOCAL;;2026-02-19 14:21:11.190 -0500;
"9ab8aad1-83ae-459d-9a33-74b9746de13a";Aurelio;Acosta;ramon23@uni.pe;$12$8.V9TrkvclM9vWZ1kVm8HeIzJP6vS4ASeJzYpB29G/pY1XNq8K4a2;true;LOCAL;;2026-02-19 14:21:11.190 -0500;
"67d17c0f-2428-485f-8614-d57ffb05d391";Jonás;Camacho;ojedaursula@uni.pe;$12$8.V9TrkvclM9vWZ1kVm8HeIzJP6vS4ASeJzYpB29G/pY1XNq8K4a2;true;LOCAL;;2026-02-19 14:21:11.190 -0500;
eb14fad9-aa79-46a5-8596-29809c959deb;Silvano;Tapia;erojas@uni.pe;$12$8.V9TrkvclM9vWZ1kVm8HeIzJP6vS4ASeJzYpB29G/pY1XNq8K4a2;true;LOCAL;;2026-02-19 14:21:11.190 -0500;
"55ac4629-09ee-4675-9c6e-c0cfa120d3ff";Ramiro;Vaca;ponceeric@uni.pe;$12$8.V9TrkvclM9vWZ1kVm8HeIzJP6vS4ASeJzYpB29G/pY1XNq8K4a2;true;LOCAL;;2026-02-19 14:21:11.190 -0500;
f9c4fac6-718a-4238-88d6-2337d5a6d413;Araceli;Negrete;itzel42@uni.pe;$12$8.V9TrkvclM9vWZ1kVm8HeIzJP6vS4ASeJzYpB29G/pY1XNq8K4a2;true;LOCAL;;2026-02-19 14:21:11.190 -0500;
e625e77d-574e-449a-b145-6687dc0ea24e;Rosario;Lozano;qmartinez@uni.pe;$12$8.V9TrkvclM9vWZ1kVm8HeIzJP6vS4ASeJzYpB29G/pY1XNq8K4a2;true;LOCAL;;2026-02-19 14:21:11.190 -0500;
"8f0c1b88-6978-4f69-a26b-39b700c03f63";Juan;Toro;olivouriel@uni.pe;$12$8.V9TrkvclM9vWZ1kVm8HeIzJP6vS4ASeJzYpB29G/pY1XNq8K4a2;true;LOCAL;;2026-02-19 14:21:11.190 -0500;
"514be6c4-44ee-483e-80ba-5619df4d869c";María Teresa;Aragón;amaliaestevez@uni.pe;$12$8.V9TrkvclM9vWZ1kVm8HeIzJP6vS4ASeJzYpB29G/pY1XNq8K4a2;true;LOCAL;;2026-02-19 14:21:11.190 -0500;
c50e9a13-2670-4651-969d-333b2bd4a435;Gregorio;Zavala;arcelia66@uni.pe;$12$8.V9TrkvclM9vWZ1kVm8HeIzJP6vS4ASeJzYpB29G/pY1XNq8K4a2;true;LOCAL;;2026-02-19 14:21:11.190 -0500;
"77b345cf-aede-4fd8-97c6-cdb70628b627";Rosario;Guerra;yenitellez@uni.pe;$12$8.V9TrkvclM9vWZ1kVm8HeIzJP6vS4ASeJzYpB29G/pY1XNq8K4a2;true;LOCAL;;2026-02-19 14:21:11.190 -0500;
"13713523-7b5f-4422-b8c5-9c5392c37c6d";Violeta;Meraz;paredesnelly@uni.pe;$12$8.V9TrkvclM9vWZ1kVm8HeIzJP6vS4ASeJzYpB29G/pY1XNq8K4a2;true;LOCAL;;2026-02-19 14:21:11.190 -0500;
"88329fdc-f927-40e9-aa8b-b63c6faa96f4";Olivia;Rendón;qcasares@uni.pe;$12$8.V9TrkvclM9vWZ1kVm8HeIzJP6vS4ASeJzYpB29G/pY1XNq8K4a2;true;LOCAL;;2026-02-19 14:21:11.190 -0500;
"6722a076-f4bc-40d7-8cad-1f6bdda658a6";Claudia;Lebrón;uvasquez@uni.pe;$12$8.V9TrkvclM9vWZ1kVm8HeIzJP6vS4ASeJzYpB29G/pY1XNq8K4a2;true;LOCAL;;2026-02-19 14:21:11.190 -0500;
"7e3f3a8a-703d-4975-8893-0d00495234a7";Luis Miguel;Arias;pmaldonado@uni.pe;$12$8.V9TrkvclM9vWZ1kVm8HeIzJP6vS4ASeJzYpB29G/pY1XNq8K4a2;true;LOCAL;;2026-02-19 14:21:11.190 -0500;
"433cac50-fde0-454c-aebc-8141d20babda";Conchita;Altamirano;elena97@uni.pe;$12$8.V9TrkvclM9vWZ1kVm8HeIzJP6vS4ASeJzYpB29G/pY1XNq8K4a2;true;LOCAL;;2026-02-19 14:21:11.190 -0500;
d6de598d-27e6-45bd-b804-185d03a2a432;Rosario;Meléndez;padronyolanda@uni.pe;$12$8.V9TrkvclM9vWZ1kVm8HeIzJP6vS4ASeJzYpB29G/pY1XNq8K4a2;true;LOCAL;;2026-02-19 14:21:11.190 -0500;
"8ae7ebe3-f3c9-4c22-a6fa-b8827ea17992";Renato;Meléndez;jeronimo06@uni.pe;$12$8.V9TrkvclM9vWZ1kVm8HeIzJP6vS4ASeJzYpB29G/pY1XNq8K4a2;true;LOCAL;;2026-02-19 14:21:11.190 -0500;
c747636d-b4f4-476a-baba-c239ad7289d7;Fidel;Amador;terrazaskarla@uni.pe;$12$8.V9TrkvclM9vWZ1kVm8HeIzJP6vS4ASeJzYpB29G/pY1XNq8K4a2;true;LOCAL;;2026-02-19 14:21:11.190 -0500;
ee0d485f-6039-4dbf-9611-136552caa75a;Diego;Alvarado;qestevez@uni.pe;$12$8.V9TrkvclM9vWZ1kVm8HeIzJP6vS4ASeJzYpB29G/pY1XNq8K4a2;true;LOCAL;;2026-02-19 14:21:11.190 -0500;
c11a8f9a-111f-4f52-b11a-947b962d8d1f;Magdalena;Negrón;gmolina@uni.pe;$12$8.V9TrkvclM9vWZ1kVm8HeIzJP6vS4ASeJzYpB29G/pY1XNq8K4a2;true;LOCAL;;2026-02-19 14:21:11.190 -0500;
e5d0412a-9538-453e-931a-68e3106b26a7;Georgina;Vega;nmadrigal@uni.pe;$12$8.V9TrkvclM9vWZ1kVm8HeIzJP6vS4ASeJzYpB29G/pY1XNq8K4a2;true;LOCAL;;2026-02-19 14:21:11.190 -0500;
"88d4b6d7-8b25-4458-859d-24358d8463df";Antonio;Villareal;nayeliangulo@uni.pe;$12$8.V9TrkvclM9vWZ1kVm8HeIzJP6vS4ASeJzYpB29G/pY1XNq8K4a2;true;LOCAL;;2026-02-19 14:21:11.190 -0500;
"9f361e22-61bd-4b59-a050-4d393fd67bb8";Emilia;Guillen;valverdemarisol@uni.pe;$12$8.V9TrkvclM9vWZ1kVm8HeIzJP6vS4ASeJzYpB29G/pY1XNq8K4a2;true;LOCAL;;2026-02-19 14:21:11.190 -0500;
"313cd731-4d95-4d5a-8b3f-c19bae7e2933";Fabiola;Polanco;cristinaleyva@uni.pe;$12$8.V9TrkvclM9vWZ1kVm8HeIzJP6vS4ASeJzYpB29G/pY1XNq8K4a2;true;LOCAL;;2026-02-19 14:21:11.190 -0500;
"088b1de4-4e6a-4657-b8da-11c0e8e72255";Lorenzo;Medina;andressalcido@uni.pe;$12$8.V9TrkvclM9vWZ1kVm8HeIzJP6vS4ASeJzYpB29G/pY1XNq8K4a2;true;LOCAL;;2026-02-19 14:21:11.190 -0500;
f8cb945a-3d6f-4016-b037-87525be6c375;Ana Luisa;Valverde;udel-rio@uni.pe;$12$8.V9TrkvclM9vWZ1kVm8HeIzJP6vS4ASeJzYpB29G/pY1XNq8K4a2;true;LOCAL;;2026-02-19 14:21:11.190 -0500;
"448d9bab-b7a5-420c-840e-92fae6251f99";Paulina;Rentería;evasaldana@uni.pe;$12$8.V9TrkvclM9vWZ1kVm8HeIzJP6vS4ASeJzYpB29G/pY1XNq8K4a2;true;LOCAL;;2026-02-19 14:21:11.190 -0500;
c3664b1d-bb42-462b-b74e-d87b0a7b4023;Elvira;de la Garza;rebecamadera@uni.pe;$12$8.V9TrkvclM9vWZ1kVm8HeIzJP6vS4ASeJzYpB29G/pY1XNq8K4a2;true;LOCAL;;2026-02-19 14:21:11.190 -0500;
"1c638218-1409-478e-b687-d75eec8808f5";Mauricio;Griego;xaguilar@uni.pe;$12$8.V9TrkvclM9vWZ1kVm8HeIzJP6vS4ASeJzYpB29G/pY1XNq8K4a2;true;LOCAL;;2026-02-19 14:21:11.190 -0500;
"07d9d7c0-79e8-4932-b3f5-88e7fdc89c51";Eloisa;Concepción;silvia68@uni.pe;$12$8.V9TrkvclM9vWZ1kVm8HeIzJP6vS4ASeJzYpB29G/pY1XNq8K4a2;true;LOCAL;;2026-02-19 14:21:11.190 -0500;
"73abf45b-4857-4860-b506-8966759c797e";Ana;Quintana;contrerassergio@uni.pe;$12$8.V9TrkvclM9vWZ1kVm8HeIzJP6vS4ASeJzYpB29G/pY1XNq8K4a2;true;LOCAL;;2026-02-19 14:21:11.190 -0500;
"9880ac2f-f39b-4eec-b6a6-5dc6b62661d8";Ana Luisa;Galván;zmontoya@uni.pe;$12$8.V9TrkvclM9vWZ1kVm8HeIzJP6vS4ASeJzYpB29G/pY1XNq8K4a2;true;LOCAL;;2026-02-19 14:21:11.190 -0500;
f52a9cc4-2bbb-4625-9cd3-9b3ac07f4846;Rebeca;Alba;santiagozaragoza@uni.pe;$12$8.V9TrkvclM9vWZ1kVm8HeIzJP6vS4ASeJzYpB29G/pY1XNq8K4a2;true;LOCAL;;2026-02-19 14:21:11.190 -0500;
d455cc30-21e2-4b9d-b40a-d0844b728fd9;Mónica;Cortés;gabriel66@uni.pe;$12$8.V9TrkvclM9vWZ1kVm8HeIzJP6vS4ASeJzYpB29G/pY1XNq8K4a2;true;LOCAL;;2026-02-19 14:21:11.190 -0500;
"5ae447ba-804f-4e53-b9de-f34b2cd868f9";Hugo;Tejada;saucedobarbara@uni.pe;$12$8.V9TrkvclM9vWZ1kVm8HeIzJP6vS4ASeJzYpB29G/pY1XNq8K4a2;true;LOCAL;;2026-02-19 14:21:11.190 -0500;
"10947f86-020a-440b-9b31-c87e4b44e2be";Lorenzo;de León;cristian75@uni.pe;$12$8.V9TrkvclM9vWZ1kVm8HeIzJP6vS4ASeJzYpB29G/pY1XNq8K4a2;true;LOCAL;;2026-02-19 14:21:11.190 -0500;
d1cb1d12-9187-4720-bd04-ff40d3bc78e6;Ana;Duarte;karlaaparicio@uni.pe;$12$8.V9TrkvclM9vWZ1kVm8HeIzJP6vS4ASeJzYpB29G/pY1XNq8K4a2;true;LOCAL;;2026-02-19 14:21:11.190 -0500;
"5892b397-b70b-4e9b-8e6a-b83483aecf70";Carla;Linares;cornelioayala@uni.pe;$12$8.V9TrkvclM9vWZ1kVm8HeIzJP6vS4ASeJzYpB29G/pY1XNq8K4a2;true;LOCAL;;2026-02-19 14:21:11.190 -0500;
"3406cb5a-9207-4789-96ee-293dc7c3f5b6";María Elena;Rosas;bernabe35@uni.pe;$12$8.V9TrkvclM9vWZ1kVm8HeIzJP6vS4ASeJzYpB29G/pY1XNq8K4a2;true;LOCAL;;2026-02-19 14:21:11.190 -0500;
"93be91bd-48f6-4dde-83d2-d1dc1effcde0";Jaime;Guajardo;ezayas@uni.pe;$12$8.V9TrkvclM9vWZ1kVm8HeIzJP6vS4ASeJzYpB29G/pY1XNq8K4a2;true;LOCAL;;2026-02-19 14:21:11.190 -0500;
e3aa9fb5-39d9-4188-accb-57893763d42e;Ariadna;Puga;cejaabigail@uni.pe;$12$8.V9TrkvclM9vWZ1kVm8HeIzJP6vS4ASeJzYpB29G/pY1XNq8K4a2;true;LOCAL;;2026-02-19 14:21:11.190 -0500;
"278bc3a4-b3b1-4088-8a90-f202858752c2";Patricio;Urbina;salcedodelia@uni.pe;$12$8.V9TrkvclM9vWZ1kVm8HeIzJP6vS4ASeJzYpB29G/pY1XNq8K4a2;true;LOCAL;;2026-02-19 14:21:11.190 -0500;
ebd7cb95-808b-40a1-ab3d-6a864cf16bc3;Diego;Tejeda;rlucio@uni.pe;$12$8.V9TrkvclM9vWZ1kVm8HeIzJP6vS4ASeJzYpB29G/pY1XNq8K4a2;true;LOCAL;;2026-02-19 14:21:11.190 -0500;
a6777713-ccbf-4ee7-8fda-2585f284fe6e;Carolina;Rodríguez;iolivera@uni.pe;$12$8.V9TrkvclM9vWZ1kVm8HeIzJP6vS4ASeJzYpB29G/pY1XNq8K4a2;true;LOCAL;;2026-02-19 14:21:11.190 -0500;
"21d0febb-883f-44d8-9fc4-d830d762459b";José;Concepción;mondragonruby@uni.pe;$12$8.V9TrkvclM9vWZ1kVm8HeIzJP6vS4ASeJzYpB29G/pY1XNq8K4a2;true;LOCAL;;2026-02-19 14:21:11.190 -0500;
"31f4355b-6c62-40b5-b785-3b0e17cb5ee0";Guadalupe;Sevilla;rosariocornelio@uni.pe;$12$8.V9TrkvclM9vWZ1kVm8HeIzJP6vS4ASeJzYpB29G/pY1XNq8K4a2;true;LOCAL;;2026-02-19 14:21:11.190 -0500;
"81099604-bf2c-4e63-889e-642c086eb69c";Sessa;Angulo;armando05@uni.pe;$12$8.V9TrkvclM9vWZ1kVm8HeIzJP6vS4ASeJzYpB29G/pY1XNq8K4a2;true;LOCAL;;2026-02-19 14:21:11.190 -0500;
dac4b4fc-3709-419c-9c86-3c15db0617ac;Sergio;Sáenz;fridadel-valle@uni.pe;$12$8.V9TrkvclM9vWZ1kVm8HeIzJP6vS4ASeJzYpB29G/pY1XNq8K4a2;true;LOCAL;;2026-02-19 14:21:11.190 -0500;
eea4d8bf-1d23-4f2d-8ad4-d31793c839df;Florencia;Venegas;marioolivo@uni.pe;$12$8.V9TrkvclM9vWZ1kVm8HeIzJP6vS4ASeJzYpB29G/pY1XNq8K4a2;true;LOCAL;;2026-02-19 14:21:11.190 -0500;
"5d6ed9fa-1c7b-4bc6-ab44-bdd62f2b9d1f";Mariana;Barrientos;utorres@uni.pe;$12$8.V9TrkvclM9vWZ1kVm8HeIzJP6vS4ASeJzYpB29G/pY1XNq8K4a2;true;LOCAL;;2026-02-19 14:21:11.190 -0500;
cc36bb28-d893-4590-806a-0d9525469309;Rubén;Cepeda;roblesvicente@uni.pe;$12$8.V9TrkvclM9vWZ1kVm8HeIzJP6vS4ASeJzYpB29G/pY1XNq8K4a2;true;LOCAL;;2026-02-19 14:21:11.190 -0500;
ef65ac85-6808-48b3-ad27-bbf90589fae0;Carlos;Muñoz;vpalacios@uni.pe;$12$8.V9TrkvclM9vWZ1kVm8HeIzJP6vS4ASeJzYpB29G/pY1XNq8K4a2;true;LOCAL;;2026-02-19 14:21:11.190 -0500;
"378e3840-5f7a-4f52-ac5f-590b653d3d93";Leonor;Rangel;guevaravirginia@uni.pe;$12$8.V9TrkvclM9vWZ1kVm8HeIzJP6vS4ASeJzYpB29G/pY1XNq8K4a2;true;LOCAL;;2026-02-19 14:21:11.190 -0500;
"749eeddc-ee33-43fe-83e4-f2e38d9334f6";Daniela;Villanueva;blanca44@uni.pe;$12$8.V9TrkvclM9vWZ1kVm8HeIzJP6vS4ASeJzYpB29G/pY1XNq8K4a2;true;LOCAL;;2026-02-19 14:21:11.190 -0500;
c97dae94-d607-4d02-8172-3ff24b087ee5;Eloisa;Nevárez;victoria55@uni.pe;$12$8.V9TrkvclM9vWZ1kVm8HeIzJP6vS4ASeJzYpB29G/pY1XNq8K4a2;true;LOCAL;;2026-02-19 14:21:11.190 -0500;
"863f9ae8-ddff-4487-ab01-493471953d96";Judith;Carvajal;estela44@uni.pe;$12$8.V9TrkvclM9vWZ1kVm8HeIzJP6vS4ASeJzYpB29G/pY1XNq8K4a2;true;LOCAL;;2026-02-19 14:21:11.190 -0500;
"2596bd22-f892-4c98-a5d8-3cac1a0c46bf";Asunción;Verduzco;ochoaminerva@uni.pe;$12$8.V9TrkvclM9vWZ1kVm8HeIzJP6vS4ASeJzYpB29G/pY1XNq8K4a2;true;LOCAL;;2026-02-19 14:21:11.190 -0500;
"47faf39d-9fb2-479c-b1fe-bcce5db2ac32";Ariadna;Tórrez;quinterorebeca@uni.pe;$12$8.V9TrkvclM9vWZ1kVm8HeIzJP6vS4ASeJzYpB29G/pY1XNq8K4a2;true;LOCAL;;2026-02-19 14:21:11.190 -0500;
c4988bf3-777d-40e8-bd4c-02d5ce4d26c3;Miriam;Villareal;santacruzguillermo@uni.pe;$12$8.V9TrkvclM9vWZ1kVm8HeIzJP6vS4ASeJzYpB29G/pY1XNq8K4a2;true;LOCAL;;2026-02-19 14:21:11.190 -0500;
"016ff31c-7e23-4040-a6d0-bd0d4039c8c5";Hernán;Mesa;gabriel90@uni.pe;$12$8.V9TrkvclM9vWZ1kVm8HeIzJP6vS4ASeJzYpB29G/pY1XNq8K4a2;true;LOCAL;;2026-02-19 14:21:11.190 -0500;
b32b4ecd-b528-4c34-aef7-f3fa6f8c58a3;Humberto;Muro;cvelasco@uni.pe;$12$8.V9TrkvclM9vWZ1kVm8HeIzJP6vS4ASeJzYpB29G/pY1XNq8K4a2;true;LOCAL;;2026-02-19 14:21:11.190 -0500;
"2d82bacc-af8e-4ac3-8547-928dffc70155";Mateo;Tafoya;raul53@uni.pe;$12$8.V9TrkvclM9vWZ1kVm8HeIzJP6vS4ASeJzYpB29G/pY1XNq8K4a2;true;LOCAL;;2026-02-19 14:21:11.190 -0500;
"95120895-e8bf-4edf-8354-4983f45b3f3a";Frida;Ibarra;adamenadia@uni.pe;$12$8.V9TrkvclM9vWZ1kVm8HeIzJP6vS4ASeJzYpB29G/pY1XNq8K4a2;true;LOCAL;;2026-02-19 14:21:11.190 -0500;
c9962f04-720c-4169-862f-9b428421e8a9;Lucas;Aguayo;glomeli@uni.pe;$12$8.V9TrkvclM9vWZ1kVm8HeIzJP6vS4ASeJzYpB29G/pY1XNq8K4a2;true;LOCAL;;2026-02-19 14:21:11.190 -0500;
"83fd4c57-0f8f-40bd-b872-df54d0d31943";Laura;Niño;mitzy15@uni.pe;$12$8.V9TrkvclM9vWZ1kVm8HeIzJP6vS4ASeJzYpB29G/pY1XNq8K4a2;true;LOCAL;;2026-02-19 14:21:11.190 -0500;
"1ccbd79b-ec21-4aca-a931-8f2e1d5bd7ea";Darío;Maestas;snavarro@uni.pe;$12$8.V9TrkvclM9vWZ1kVm8HeIzJP6vS4ASeJzYpB29G/pY1XNq8K4a2;true;LOCAL;;2026-02-19 14:21:11.190 -0500;
"0fa095cd-88c5-4166-bad6-f0896c37612e";Federico;Calvillo;jonas64@uni.pe;$12$8.V9TrkvclM9vWZ1kVm8HeIzJP6vS4ASeJzYpB29G/pY1XNq8K4a2;true;LOCAL;;2026-02-19 14:21:11.190 -0500;
ab436082-bc3a-487d-8e73-1e6ec07c9daa;Catalina;Borrego;anabelsanabria@uni.pe;$12$8.V9TrkvclM9vWZ1kVm8HeIzJP6vS4ASeJzYpB29G/pY1XNq8K4a2;true;LOCAL;;2026-02-19 14:21:11.190 -0500;
cf061978-3ad9-4f73-81a6-52493138b75c;Elsa;Palacios;ugaray@uni.pe;$12$8.V9TrkvclM9vWZ1kVm8HeIzJP6vS4ASeJzYpB29G/pY1XNq8K4a2;true;LOCAL;;2026-02-19 14:21:11.190 -0500;
a6351195-047c-46b3-a54a-3874ba5c4ec3;Esparta;Frías;llamasuriel@uni.pe;$12$8.V9TrkvclM9vWZ1kVm8HeIzJP6vS4ASeJzYpB29G/pY1XNq8K4a2;true;LOCAL;;2026-02-19 14:21:11.190 -0500;
ee702228-cbb6-4dc0-b089-28cb5f98cd49;Diego;Sarabia;hugo02@uni.pe;$12$8.V9TrkvclM9vWZ1kVm8HeIzJP6vS4ASeJzYpB29G/pY1XNq8K4a2;true;LOCAL;;2026-02-19 14:21:11.190 -0500;
ec5dd44e-14e3-4062-a0f4-c0fdea12cdda;Liliana;Villegas;avaladez@uni.pe;$12$8.V9TrkvclM9vWZ1kVm8HeIzJP6vS4ASeJzYpB29G/pY1XNq8K4a2;true;LOCAL;;2026-02-19 14:21:11.190 -0500;
"59f87695-c87b-4a12-82c8-d4ce253018fd";Josefina;Márquez;lorenatrejo@uni.pe;$12$8.V9TrkvclM9vWZ1kVm8HeIzJP6vS4ASeJzYpB29G/pY1XNq8K4a2;true;LOCAL;;2026-02-19 14:21:11.190 -0500;
"26cdd133-4866-40e5-9dc7-6e167b6b8d8a";Silvano;Niño;rodrigo25@uni.pe;$12$8.V9TrkvclM9vWZ1kVm8HeIzJP6vS4ASeJzYpB29G/pY1XNq8K4a2;true;LOCAL;;2026-02-19 14:21:11.190 -0500;
"9d262390-a6b6-427d-b5ab-95bfc9a8c1e5";Lourdes;Ruiz;maria-eugenia49@uni.pe;$12$8.V9TrkvclM9vWZ1kVm8HeIzJP6vS4ASeJzYpB29G/pY1XNq8K4a2;true;LOCAL;;2026-02-19 14:21:11.190 -0500;
"3f0ba07c-2c72-478f-82ea-0b80708fb08e";Pablo;Orellana;alvarezgabriela@uni.pe;$12$8.V9TrkvclM9vWZ1kVm8HeIzJP6vS4ASeJzYpB29G/pY1XNq8K4a2;true;LOCAL;;2026-02-19 14:21:11.190 -0500;
a49c84da-3e0b-4569-8263-bec8913846fc;Gloria;Páez;cervantescelia@uni.pe;$12$8.V9TrkvclM9vWZ1kVm8HeIzJP6vS4ASeJzYpB29G/pY1XNq8K4a2;true;LOCAL;;2026-02-19 14:21:11.190 -0500;
"02bf0f41-8990-4d23-a5e2-5839d4281b18";Indira;Muñoz;ymontano@uni.pe;$12$8.V9TrkvclM9vWZ1kVm8HeIzJP6vS4ASeJzYpB29G/pY1XNq8K4a2;true;LOCAL;;2026-02-19 14:21:11.190 -0500;
ca49c2ec-372d-4918-b543-fa977e6df527;Graciela;Gaitán;maria-cristinavallej@uni.pe;$12$8.V9TrkvclM9vWZ1kVm8HeIzJP6vS4ASeJzYpB29G/pY1XNq8K4a2;true;LOCAL;;2026-02-19 14:21:11.190 -0500;
"7f55b418-d96c-492e-b660-df83ce4101a5";Arcelia;Chapa;velizivan@uni.pe;$12$8.V9TrkvclM9vWZ1kVm8HeIzJP6vS4ASeJzYpB29G/pY1XNq8K4a2;true;LOCAL;;2026-02-19 14:21:11.190 -0500;
"8d150f9e-a1ad-416b-8ff7-d1723c92cefe";Serafín;Sevilla;gcortez@uni.pe;$12$8.V9TrkvclM9vWZ1kVm8HeIzJP6vS4ASeJzYpB29G/pY1XNq8K4a2;true;LOCAL;;2026-02-19 14:21:11.190 -0500;
"4bb9566c-b4e2-4793-919d-551c931b248d";Adán;Franco;ffajardo@uni.pe;$12$8.V9TrkvclM9vWZ1kVm8HeIzJP6vS4ASeJzYpB29G/pY1XNq8K4a2;true;LOCAL;;2026-02-19 14:21:11.190 -0500;
c74e44fd-73f9-44f1-9fa3-5a6290f51ae7;José Eduardo;Cedillo;ruben17@uni.pe;$12$8.V9TrkvclM9vWZ1kVm8HeIzJP6vS4ASeJzYpB29G/pY1XNq8K4a2;true;LOCAL;;2026-02-19 14:21:11.190 -0500;
e3289567-ea89-4a35-92b0-0a6e7521a138;Elsa;Mireles;longorialuis@uni.pe;$12$8.V9TrkvclM9vWZ1kVm8HeIzJP6vS4ASeJzYpB29G/pY1XNq8K4a2;true;LOCAL;;2026-02-19 14:21:11.190 -0500;
"82664d79-26c4-4837-ac38-ad642996ee32";Lorena;Guevara;freynoso@uni.pe;$12$8.V9TrkvclM9vWZ1kVm8HeIzJP6vS4ASeJzYpB29G/pY1XNq8K4a2;true;LOCAL;;2026-02-19 14:21:11.190 -0500;
a01a06a8-43e4-4e3a-b563-28af7512249e;Felix;Terrazas;dianaarguello@uni.pe;$12$8.V9TrkvclM9vWZ1kVm8HeIzJP6vS4ASeJzYpB29G/pY1XNq8K4a2;true;LOCAL;;2026-02-19 14:21:11.190 -0500;
fd7f29ff-b0b2-4bab-ab32-d1271e8f0383;César;Haro;bertaposada@uni.pe;$12$8.V9TrkvclM9vWZ1kVm8HeIzJP6vS4ASeJzYpB29G/pY1XNq8K4a2;true;LOCAL;;2026-02-19 14:21:11.190 -0500;
"4c41390b-015d-4d73-9413-1d459509eb93";Graciela;Rentería;bmota@uni.pe;$12$8.V9TrkvclM9vWZ1kVm8HeIzJP6vS4ASeJzYpB29G/pY1XNq8K4a2;true;LOCAL;;2026-02-19 14:21:11.190 -0500;
"8673b6b9-b5d1-4688-b98e-9b4376dc0152";Rodolfo;Olvera;elenacorrea@uni.pe;$12$8.V9TrkvclM9vWZ1kVm8HeIzJP6vS4ASeJzYpB29G/pY1XNq8K4a2;true;LOCAL;;2026-02-19 14:21:11.190 -0500;
"633e07cc-642b-4d40-b6c1-3282ae6ff3c4";Óscar;Castellanos;rmurillo@uni.pe;$12$8.V9TrkvclM9vWZ1kVm8HeIzJP6vS4ASeJzYpB29G/pY1XNq8K4a2;true;LOCAL;;2026-02-19 14:21:11.190 -0500;
cd4a749c-d87c-45f5-b716-04a184fdcab7;Serafín;Manzanares;noelia54@uni.pe;$12$8.V9TrkvclM9vWZ1kVm8HeIzJP6vS4ASeJzYpB29G/pY1XNq8K4a2;true;LOCAL;;2026-02-19 14:21:11.190 -0500;
"41fb3f93-3744-44d2-8d2a-aadbd1b08997";Karina;Cabrera;wrojas@uni.pe;$12$8.V9TrkvclM9vWZ1kVm8HeIzJP6vS4ASeJzYpB29G/pY1XNq8K4a2;true;LOCAL;;2026-02-19 14:21:11.190 -0500;
b53d4db3-c4f2-40a9-b0d6-e41a12858882;Rolando;Ocasio;rodolfocano@uni.pe;$12$8.V9TrkvclM9vWZ1kVm8HeIzJP6vS4ASeJzYpB29G/pY1XNq8K4a2;true;LOCAL;;2026-02-19 14:21:11.190 -0500;
"71ad4f76-263d-4a16-906d-5b4dd8137042";Isabela;Matías;aliciasegovia@uni.pe;$12$8.V9TrkvclM9vWZ1kVm8HeIzJP6vS4ASeJzYpB29G/pY1XNq8K4a2;true;LOCAL;;2026-02-19 14:21:11.190 -0500;
ca26d30b-0638-43a0-af8e-ebe6f6df5e67;Frida;Barajas;trinidad55@uni.pe;$12$8.V9TrkvclM9vWZ1kVm8HeIzJP6vS4ASeJzYpB29G/pY1XNq8K4a2;true;LOCAL;;2026-02-19 14:21:11.190 -0500;
"78d3dec0-7ac1-40c9-afe4-557ddb59c0a5";Gerónimo;Valdez;avilarenato@uni.pe;$12$8.V9TrkvclM9vWZ1kVm8HeIzJP6vS4ASeJzYpB29G/pY1XNq8K4a2;true;LOCAL;;2026-02-19 14:21:11.190 -0500;
"1997e074-227d-4f8b-8891-cde14eeba814";Emilio;Cortez;drodriguez@uni.pe;$12$8.V9TrkvclM9vWZ1kVm8HeIzJP6vS4ASeJzYpB29G/pY1XNq8K4a2;true;LOCAL;;2026-02-19 14:21:11.190 -0500;
"42289128-8b95-4240-ae8a-d41324681d21";Juana;Alvarado;rodolfo71@uni.pe;$12$8.V9TrkvclM9vWZ1kVm8HeIzJP6vS4ASeJzYpB29G/pY1XNq8K4a2;true;LOCAL;;2026-02-19 14:21:11.190 -0500;
c4ccd168-5c9b-4fad-9b78-b2135e70c44e;Cynthia;Castro;xfonseca@uni.pe;$12$8.V9TrkvclM9vWZ1kVm8HeIzJP6vS4ASeJzYpB29G/pY1XNq8K4a2;true;LOCAL;;2026-02-19 14:21:11.190 -0500;
"6d8c0700-5f68-499a-b5c9-17ebe4b0909b";Aurelio;Solorzano;tomas51@uni.pe;$12$8.V9TrkvclM9vWZ1kVm8HeIzJP6vS4ASeJzYpB29G/pY1XNq8K4a2;true;LOCAL;;2026-02-19 14:21:11.190 -0500;
"807b6881-d87b-47ea-ab77-a5ddbfcad8c8";Aurora;Nieves;juliovillalpando@uni.pe;$12$8.V9TrkvclM9vWZ1kVm8HeIzJP6vS4ASeJzYpB29G/pY1XNq8K4a2;true;LOCAL;;2026-02-19 14:21:11.190 -0500;
"81ea7c06-36fb-483e-bbc3-bec36cfaa472";Alvaro;Macías;mtafoya@uni.pe;$12$8.V9TrkvclM9vWZ1kVm8HeIzJP6vS4ASeJzYpB29G/pY1XNq8K4a2;true;LOCAL;;2026-02-19 14:21:11.190 -0500;
"30ed34e2-6ec9-4601-8a53-b1f2074903fe";Dulce;Chavarría;oliver49@uni.pe;$12$8.V9TrkvclM9vWZ1kVm8HeIzJP6vS4ASeJzYpB29G/pY1XNq8K4a2;true;LOCAL;;2026-02-19 14:21:11.190 -0500;
"829290eb-b6d2-45bc-bf3d-ae2663cf7ac4";Silvano;Prado;xfarias@uni.pe;$12$8.V9TrkvclM9vWZ1kVm8HeIzJP6vS4ASeJzYpB29G/pY1XNq8K4a2;true;LOCAL;;2026-02-19 14:21:11.190 -0500;
"17917700-5e19-4359-bff3-da4db5c8d814";Roberto;Vélez;varagon@uni.pe;$12$8.V9TrkvclM9vWZ1kVm8HeIzJP6vS4ASeJzYpB29G/pY1XNq8K4a2;true;LOCAL;;2026-02-19 14:21:11.190 -0500;
"7b343e8e-ab8a-4dcc-ae99-41ed7598b3b6";Gilberto;Granado;silvia11@uni.pe;$12$8.V9TrkvclM9vWZ1kVm8HeIzJP6vS4ASeJzYpB29G/pY1XNq8K4a2;true;LOCAL;;2026-02-19 14:21:11.190 -0500;
"6a28ca52-22f7-4d7c-bac0-ab4944cfa221";Gonzalo;Mena;eloisajasso@uni.pe;$12$8.V9TrkvclM9vWZ1kVm8HeIzJP6vS4ASeJzYpB29G/pY1XNq8K4a2;true;LOCAL;;2026-02-19 14:21:11.190 -0500;
"28f3043a-9f2a-4f1d-8678-863b2e48bba4";Marisol;Urías;avilesraquel@uni.pe;$12$8.V9TrkvclM9vWZ1kVm8HeIzJP6vS4ASeJzYpB29G/pY1XNq8K4a2;true;LOCAL;;2026-02-19 14:21:11.190 -0500;
"672fd914-1b3f-4cec-9bfb-f42e5c9eda52";Salma;Montero;gcano@uni.pe;$12$8.V9TrkvclM9vWZ1kVm8HeIzJP6vS4ASeJzYpB29G/pY1XNq8K4a2;true;LOCAL;;2026-02-19 14:21:11.190 -0500;
"0bb54ac6-ddc9-49d7-bba3-b1292b0b7f11";Agustín;Collado;apariciojulio@uni.pe;$12$8.V9TrkvclM9vWZ1kVm8HeIzJP6vS4ASeJzYpB29G/pY1XNq8K4a2;true;LOCAL;;2026-02-19 14:21:11.190 -0500;
c7ed640e-a161-4d18-bddd-d6425935d153;Amador;Marroquín;julio-cesar31@uni.pe;$12$8.V9TrkvclM9vWZ1kVm8HeIzJP6vS4ASeJzYpB29G/pY1XNq8K4a2;true;LOCAL;;2026-02-19 14:21:11.190 -0500;
d551e029-bc22-4238-b343-cf193f76d133;Lorenzo;Durán;lmondragon@uni.pe;$12$8.V9TrkvclM9vWZ1kVm8HeIzJP6vS4ASeJzYpB29G/pY1XNq8K4a2;true;LOCAL;;2026-02-19 14:21:11.190 -0500;
"881dfc53-dd38-435a-ab07-a8aaba315289";Ramiro;Mesa;ngamboa@uni.pe;$12$8.V9TrkvclM9vWZ1kVm8HeIzJP6vS4ASeJzYpB29G/pY1XNq8K4a2;true;LOCAL;;2026-02-19 14:21:11.190 -0500;
"71149e31-f084-487e-904f-62d288ffe08c";Marco Antonio;Trujillo;mauricio20@uni.pe;$12$8.V9TrkvclM9vWZ1kVm8HeIzJP6vS4ASeJzYpB29G/pY1XNq8K4a2;true;LOCAL;;2026-02-19 14:21:11.190 -0500;
"2b7429b3-e943-402b-a15e-8669afb36c0c";Micaela;de la Rosa;mezafelipe@uni.pe;$12$8.V9TrkvclM9vWZ1kVm8HeIzJP6vS4ASeJzYpB29G/pY1XNq8K4a2;true;LOCAL;;2026-02-19 14:21:11.190 -0500;
"51f74660-fd1b-46ba-b5e6-dba5c7287a56";Dulce;Vásquez;jacinto26@uni.pe;$12$8.V9TrkvclM9vWZ1kVm8HeIzJP6vS4ASeJzYpB29G/pY1XNq8K4a2;true;LOCAL;;2026-02-19 14:21:11.190 -0500;
"39efc2e1-1b0b-4a86-aa49-6b928c2a086b";Estefanía;Ledesma;uzamudio@uni.pe;$12$8.V9TrkvclM9vWZ1kVm8HeIzJP6vS4ASeJzYpB29G/pY1XNq8K4a2;true;LOCAL;;2026-02-19 14:21:11.190 -0500;
"0d78b68f-76c3-4e53-b16e-4d603907c51f";Violeta;Godínez;guillermo78@uni.pe;$12$8.V9TrkvclM9vWZ1kVm8HeIzJP6vS4ASeJzYpB29G/pY1XNq8K4a2;true;LOCAL;;2026-02-19 14:21:11.190 -0500;
"15ef1571-d889-403b-b0a8-b0b53307ef7a";Irma;Reyes;qecheverria@uni.pe;$12$8.V9TrkvclM9vWZ1kVm8HeIzJP6vS4ASeJzYpB29G/pY1XNq8K4a2;true;LOCAL;;2026-02-19 14:21:11.190 -0500;
"485b6c3f-d4d9-4e79-b6ba-29378c218501";Soledad;Rodarte;cbustamante@uni.pe;$12$8.V9TrkvclM9vWZ1kVm8HeIzJP6vS4ASeJzYpB29G/pY1XNq8K4a2;true;LOCAL;;2026-02-19 14:21:11.190 -0500;
"9a44adfd-7eca-44f9-8a8e-547cb6bc519e";Linda;Acosta;rebeca30@uni.pe;$12$8.V9TrkvclM9vWZ1kVm8HeIzJP6vS4ASeJzYpB29G/pY1XNq8K4a2;true;LOCAL;;2026-02-19 14:21:11.190 -0500;
"923a4a88-aa16-431c-ab20-8478a3970aa7";Alma;Limón;wavalos@uni.pe;$12$8.V9TrkvclM9vWZ1kVm8HeIzJP6vS4ASeJzYpB29G/pY1XNq8K4a2;true;LOCAL;;2026-02-19 14:21:11.190 -0500;
"3d5113e1-768d-4c91-bc8f-ed1ad27b1227";Adriana;Gutiérrez;aida87@uni.pe;$12$8.V9TrkvclM9vWZ1kVm8HeIzJP6vS4ASeJzYpB29G/pY1XNq8K4a2;true;LOCAL;;2026-02-19 14:21:11.190 -0500;
"52b6f115-13ec-410c-9bff-a70944a695c8";Andrea;Godoy;yuridiajimenez@uni.pe;$12$8.V9TrkvclM9vWZ1kVm8HeIzJP6vS4ASeJzYpB29G/pY1XNq8K4a2;true;LOCAL;;2026-02-19 14:21:11.190 -0500;
f4b88ab8-9510-41be-a214-2e89c3291e35;Alicia;Tirado;jonasyanez@uni.pe;$12$8.V9TrkvclM9vWZ1kVm8HeIzJP6vS4ASeJzYpB29G/pY1XNq8K4a2;true;LOCAL;;2026-02-19 14:21:11.190 -0500;
"9e46fc15-282a-4b32-9c92-e8f47f24f42b";Arcelia;Heredia;qmonroy@uni.pe;$12$8.V9TrkvclM9vWZ1kVm8HeIzJP6vS4ASeJzYpB29G/pY1XNq8K4a2;true;LOCAL;;2026-02-19 14:21:11.190 -0500;
"030b9339-4b3e-4194-90e9-ab059b3ecc0a";Rolando;Olivárez;amadorberrios@uni.pe;$12$8.V9TrkvclM9vWZ1kVm8HeIzJP6vS4ASeJzYpB29G/pY1XNq8K4a2;true;LOCAL;;2026-02-19 14:21:11.190 -0500;
f49ad4c2-d307-4d12-9a76-51ae301e0313;Flavio;Ulloa;merinoevelio@uni.pe;$12$8.V9TrkvclM9vWZ1kVm8HeIzJP6vS4ASeJzYpB29G/pY1XNq8K4a2;true;LOCAL;;2026-02-19 14:21:11.190 -0500;
"0a99a823-4105-4e77-84b7-44b1e5b165d2";Luz;Verdugo;xfigueroa@uni.pe;$12$8.V9TrkvclM9vWZ1kVm8HeIzJP6vS4ASeJzYpB29G/pY1XNq8K4a2;true;LOCAL;;2026-02-19 14:21:11.190 -0500;
"34955fdf-05a7-4385-92a6-21444e4cc864";Susana;Madrid;pablo17@uni.pe;$12$8.V9TrkvclM9vWZ1kVm8HeIzJP6vS4ASeJzYpB29G/pY1XNq8K4a2;true;LOCAL;;2026-02-19 14:21:11.190 -0500;
d41e343b-586e-4634-b227-6ab2a6317561;Octavio;Sarabia;eric54@uni.pe;$12$8.V9TrkvclM9vWZ1kVm8HeIzJP6vS4ASeJzYpB29G/pY1XNq8K4a2;true;LOCAL;;2026-02-19 14:21:11.190 -0500;
c48387a5-1713-46e3-b12a-fc7350d72494;Alberto;Zelaya;estebanacevedo@uni.pe;$12$8.V9TrkvclM9vWZ1kVm8HeIzJP6vS4ASeJzYpB29G/pY1XNq8K4a2;true;LOCAL;;2026-02-19 14:21:11.190 -0500;
"01814dda-a4e0-4627-b332-f857a8d1996b";Noemí;Laboy;maria-jose58@uni.pe;$12$8.V9TrkvclM9vWZ1kVm8HeIzJP6vS4ASeJzYpB29G/pY1XNq8K4a2;true;LOCAL;;2026-02-19 14:21:11.190 -0500;
bc24376e-41c6-4549-bb44-1acea3732605;Hermelinda;Treviño;ilsealonzo@uni.pe;$12$8.V9TrkvclM9vWZ1kVm8HeIzJP6vS4ASeJzYpB29G/pY1XNq8K4a2;true;LOCAL;;2026-02-19 14:21:11.190 -0500;
"41fb00d8-067a-4c86-8ade-396abf650622";Paulina;Chapa;dsamaniego@uni.pe;$12$8.V9TrkvclM9vWZ1kVm8HeIzJP6vS4ASeJzYpB29G/pY1XNq8K4a2;true;LOCAL;;2026-02-19 14:21:11.190 -0500;
"6c83aa71-91ee-4f60-9876-6ab9fd728504";José Carlos;Urías;apuente@uni.pe;$12$8.V9TrkvclM9vWZ1kVm8HeIzJP6vS4ASeJzYpB29G/pY1XNq8K4a2;true;LOCAL;;2026-02-19 14:21:11.190 -0500;
"33dff377-a0b5-4128-bb14-0bd4700e2630";David;Ocampo;iibarra@uni.pe;$12$8.V9TrkvclM9vWZ1kVm8HeIzJP6vS4ASeJzYpB29G/pY1XNq8K4a2;true;LOCAL;;2026-02-19 14:21:11.190 -0500;
"02e259b5-31d3-4103-b4c6-56ac4d5d2706";Eva;Cavazos;jaimezaragoza@uni.pe;$12$8.V9TrkvclM9vWZ1kVm8HeIzJP6vS4ASeJzYpB29G/pY1XNq8K4a2;true;LOCAL;;2026-02-19 14:21:11.190 -0500;
"5cca35bc-93c8-439b-aed6-520a8f3ded62";Flavio;Delgadillo;luciaayala@uni.pe;$12$8.V9TrkvclM9vWZ1kVm8HeIzJP6vS4ASeJzYpB29G/pY1XNq8K4a2;true;LOCAL;;2026-02-19 14:21:11.190 -0500;
"92a9c91e-c12f-443d-9b8a-140436980368";Abril;Ávila;mendozaalejandra@uni.pe;$12$8.V9TrkvclM9vWZ1kVm8HeIzJP6vS4ASeJzYpB29G/pY1XNq8K4a2;true;LOCAL;;2026-02-19 14:21:11.190 -0500;
"1f5c7e71-175f-414d-ae98-6604f1fc870a";Óscar;Palacios;benavidezjulio@uni.pe;$12$8.V9TrkvclM9vWZ1kVm8HeIzJP6vS4ASeJzYpB29G/pY1XNq8K4a2;true;LOCAL;;2026-02-19 14:21:11.190 -0500;
"52380fc5-9bc0-437d-91a2-cced2eff15e1";Flavio;Lozano;fabiola68@uni.pe;$12$8.V9TrkvclM9vWZ1kVm8HeIzJP6vS4ASeJzYpB29G/pY1XNq8K4a2;true;LOCAL;;2026-02-19 14:21:11.190 -0500;
"12b206e7-c561-4da9-a2f6-e635f035f2f1";Socorro;Garza;esthermiranda@uni.pe;$12$8.V9TrkvclM9vWZ1kVm8HeIzJP6vS4ASeJzYpB29G/pY1XNq8K4a2;true;LOCAL;;2026-02-19 14:21:11.190 -0500;
"4d4b4fa4-17af-44d9-b30d-747b8f2387c4";Dolores;Cano;jacintoalba@uni.pe;$12$8.V9TrkvclM9vWZ1kVm8HeIzJP6vS4ASeJzYpB29G/pY1XNq8K4a2;true;LOCAL;;2026-02-19 14:21:11.190 -0500;
"8c27fe38-a53a-4570-982d-df7261ce6439";Jacinto;Crespo;juradofabiola@uni.pe;$12$8.V9TrkvclM9vWZ1kVm8HeIzJP6vS4ASeJzYpB29G/pY1XNq8K4a2;true;LOCAL;;2026-02-19 14:21:11.190 -0500;
"9c3d0cb0-99ba-4389-8812-0c1120f06b6c";Porfirio;Irizarry;urodarte@uni.pe;$12$8.V9TrkvclM9vWZ1kVm8HeIzJP6vS4ASeJzYpB29G/pY1XNq8K4a2;true;LOCAL;;2026-02-19 14:21:11.190 -0500;
"8989b005-4b39-43b8-8cae-8204f68fae42";Mariana;Pedraza;modestobetancourt@uni.pe;$12$8.V9TrkvclM9vWZ1kVm8HeIzJP6vS4ASeJzYpB29G/pY1XNq8K4a2;true;LOCAL;;2026-02-19 14:21:11.190 -0500;
ce4dc171-5d8a-42e2-84bf-c3ff1b155219;René;Solorzano;bmuniz@uni.pe;$12$8.V9TrkvclM9vWZ1kVm8HeIzJP6vS4ASeJzYpB29G/pY1XNq8K4a2;true;LOCAL;;2026-02-19 14:21:11.190 -0500;
"8e7f47bb-3ba8-46ad-9c68-cb3a080f4563";Adalberto;Almonte;daliatovar@uni.pe;$12$8.V9TrkvclM9vWZ1kVm8HeIzJP6vS4ASeJzYpB29G/pY1XNq8K4a2;true;LOCAL;;2026-02-19 14:21:11.190 -0500;
"62dee91c-8f98-4df1-89c4-0955bdefa57e";Guadalupe;Mascareñas;pamela65@uni.pe;$12$8.V9TrkvclM9vWZ1kVm8HeIzJP6vS4ASeJzYpB29G/pY1XNq8K4a2;true;LOCAL;;2026-02-19 14:21:11.190 -0500;
cd2203eb-6060-4b1e-8e2f-66a68070905f;Esperanza;Berríos;avillarreal@uni.pe;$12$8.V9TrkvclM9vWZ1kVm8HeIzJP6vS4ASeJzYpB29G/pY1XNq8K4a2;true;LOCAL;;2026-02-19 14:21:11.190 -0500;
"853a3ca3-4a19-4be1-b8ce-aab653cd6db8";Javier;Gómez;ortamariana@uni.pe;$12$8.V9TrkvclM9vWZ1kVm8HeIzJP6vS4ASeJzYpB29G/pY1XNq8K4a2;true;LOCAL;;2026-02-19 14:21:11.190 -0500;
"7408c06c-a0de-4e30-a9bf-5c4bd8ab2750";Ramiro;de la Torre;tmaestas@uni.pe;$12$8.V9TrkvclM9vWZ1kVm8HeIzJP6vS4ASeJzYpB29G/pY1XNq8K4a2;true;LOCAL;;2026-02-19 14:21:11.190 -0500;
e35c442a-d7ad-4db3-836c-688600288bd1;Gilberto;Gallegos;ceballosfelix@uni.pe;$12$8.V9TrkvclM9vWZ1kVm8HeIzJP6vS4ASeJzYpB29G/pY1XNq8K4a2;true;LOCAL;;2026-02-19 14:21:11.190 -0500;
c7a79b9c-cdc5-491b-800e-f7e8f09e64c3;Esperanza;Villareal;porfirioquiroz@uni.pe;$12$8.V9TrkvclM9vWZ1kVm8HeIzJP6vS4ASeJzYpB29G/pY1XNq8K4a2;true;LOCAL;;2026-02-19 14:21:11.190 -0500;
c5c9ce3c-c8c7-4b36-814d-6cc823446fef;Pamela;Torres;julio-cesarpatino@uni.pe;$12$8.V9TrkvclM9vWZ1kVm8HeIzJP6vS4ASeJzYpB29G/pY1XNq8K4a2;true;LOCAL;;2026-02-19 14:21:11.190 -0500;
f5e5563e-5295-4ba6-a0f5-e6a3b8bf1cbd;Nicolás;Acuña;ana-luisa52@uni.pe;$12$8.V9TrkvclM9vWZ1kVm8HeIzJP6vS4ASeJzYpB29G/pY1XNq8K4a2;true;LOCAL;;2026-02-19 14:21:11.190 -0500;
c34d1a5e-56fa-4c94-95bb-73fa8f797309;Cristina;Luevano;ana49@uni.pe;$12$8.V9TrkvclM9vWZ1kVm8HeIzJP6vS4ASeJzYpB29G/pY1XNq8K4a2;true;LOCAL;;2026-02-19 14:21:11.190 -0500;
ef0e5019-c479-4659-85b7-240c03fa0086;Cristina;Sierra;luis-miguel60@uni.pe;$12$8.V9TrkvclM9vWZ1kVm8HeIzJP6vS4ASeJzYpB29G/pY1XNq8K4a2;true;LOCAL;;2026-02-19 14:21:11.190 -0500;
"23855514-c73c-4bc8-a430-233385078f37";Fabiola;Berríos;ebarrera@uni.pe;$12$8.V9TrkvclM9vWZ1kVm8HeIzJP6vS4ASeJzYpB29G/pY1XNq8K4a2;true;LOCAL;;2026-02-19 14:21:11.190 -0500;
a588e458-49a1-4a40-9ca0-fd2d3883720e;Juana;Centeno;xamador@uni.pe;$12$8.V9TrkvclM9vWZ1kVm8HeIzJP6vS4ASeJzYpB29G/pY1XNq8K4a2;true;LOCAL;;2026-02-19 14:21:11.190 -0500;
df7305a9-d3f1-4f4f-b39a-6177807c96d0;Barbara;Carrillo;aguirreporfirio@uni.pe;$12$8.V9TrkvclM9vWZ1kVm8HeIzJP6vS4ASeJzYpB29G/pY1XNq8K4a2;true;LOCAL;;2026-02-19 14:21:11.190 -0500;
b3d88da3-5bee-40d5-9bb9-fa1c20111588;Leonardo;Bustamante;hilda27@uni.pe;$12$8.V9TrkvclM9vWZ1kVm8HeIzJP6vS4ASeJzYpB29G/pY1XNq8K4a2;true;LOCAL;;2026-02-19 14:21:11.190 -0500;
"6f88e40c-0a9d-430c-a389-d81f2452be88";Rocío;Perea;carrilloluis-manuel@uni.pe;$12$8.V9TrkvclM9vWZ1kVm8HeIzJP6vS4ASeJzYpB29G/pY1XNq8K4a2;true;LOCAL;;2026-02-19 14:21:11.190 -0500;
"591af302-6a3b-4856-bc5f-f6b92c567a2e";Samuel;Romero;karriaga@uni.pe;$12$8.V9TrkvclM9vWZ1kVm8HeIzJP6vS4ASeJzYpB29G/pY1XNq8K4a2;true;LOCAL;;2026-02-19 14:21:11.190 -0500;
"95a359e1-e3c6-42ee-b483-6fdb2ceb32ee";Micaela;Mejía;wendolin50@uni.pe;$12$8.V9TrkvclM9vWZ1kVm8HeIzJP6vS4ASeJzYpB29G/pY1XNq8K4a2;true;LOCAL;;2026-02-19 14:21:11.190 -0500;
"27db88f9-6090-4461-81b6-90a39e20f040";Martha;Lozada;krios@uni.pe;$12$8.V9TrkvclM9vWZ1kVm8HeIzJP6vS4ASeJzYpB29G/pY1XNq8K4a2;true;LOCAL;;2026-02-19 14:21:11.190 -0500;
e7620dcd-eb44-45b0-bcec-697442e4d316;Leonardo;Santana;maria-luisabatista@uni.pe;$12$8.V9TrkvclM9vWZ1kVm8HeIzJP6vS4ASeJzYpB29G/pY1XNq8K4a2;true;LOCAL;;2026-02-19 14:21:11.190 -0500;
"98e7cb18-d8cc-4a5a-a524-0019d637a350";Hilda;Mata;teodoropreciado@uni.pe;$12$8.V9TrkvclM9vWZ1kVm8HeIzJP6vS4ASeJzYpB29G/pY1XNq8K4a2;true;LOCAL;;2026-02-19 14:21:11.190 -0500;
f06ea7cd-2520-4163-ac1d-509dba01d472;Aida;Colón;jose-emilioperalta@uni.pe;$12$8.V9TrkvclM9vWZ1kVm8HeIzJP6vS4ASeJzYpB29G/pY1XNq8K4a2;true;LOCAL;;2026-02-19 14:21:11.190 -0500;
b4e97e88-3cd0-4284-8992-746e2d28338f;Porfirio;Elizondo;sarredondo@uni.pe;$12$8.V9TrkvclM9vWZ1kVm8HeIzJP6vS4ASeJzYpB29G/pY1XNq8K4a2;true;LOCAL;;2026-02-19 14:21:11.190 -0500;
"3198c774-9fcb-46bc-aad1-1bb0cc8f65a1";Sessa;Montalvo;wornelas@uni.pe;$12$8.V9TrkvclM9vWZ1kVm8HeIzJP6vS4ASeJzYpB29G/pY1XNq8K4a2;true;LOCAL;;2026-02-19 14:21:11.190 -0500;
"20e59092-1515-4f3f-9544-a898aa819d85";Blanca;Lovato;pinedavictoria@uni.pe;$12$8.V9TrkvclM9vWZ1kVm8HeIzJP6vS4ASeJzYpB29G/pY1XNq8K4a2;true;LOCAL;;2026-02-19 14:21:11.190 -0500;
"3f0ba328-2970-4580-a612-18840df77ba5";Jonás;Nieto;ana-luisa07@uni.pe;$12$8.V9TrkvclM9vWZ1kVm8HeIzJP6vS4ASeJzYpB29G/pY1XNq8K4a2;true;LOCAL;;2026-02-19 14:21:11.190 -0500;
"5321a5ec-fb2a-4210-be56-a24474d7eaf2";Mariana;Negrete;oliviavillasenor@uni.pe;$12$8.V9TrkvclM9vWZ1kVm8HeIzJP6vS4ASeJzYpB29G/pY1XNq8K4a2;true;LOCAL;;2026-02-19 14:21:11.190 -0500;
"15d8db0a-3b26-43ea-930e-5460a05e9417";Josefina;Ferrer;raulnajera@uni.pe;$12$8.V9TrkvclM9vWZ1kVm8HeIzJP6vS4ASeJzYpB29G/pY1XNq8K4a2;true;LOCAL;;2026-02-19 14:21:11.190 -0500;
"8865f879-c89d-4d29-8ce8-360b54de4dbb";Lucas;Abreu;julio-cesargil@uni.pe;$12$8.V9TrkvclM9vWZ1kVm8HeIzJP6vS4ASeJzYpB29G/pY1XNq8K4a2;true;LOCAL;;2026-02-19 14:21:11.190 -0500;
"409aad2c-19d6-4936-b0a1-f18064289cfc";Gerónimo;Miramontes;zepedaporfirio@uni.pe;$12$8.V9TrkvclM9vWZ1kVm8HeIzJP6vS4ASeJzYpB29G/pY1XNq8K4a2;true;LOCAL;;2026-02-19 14:21:11.190 -0500;
"8e4974c8-5bbd-475b-b517-0306ff574bb8";Concepción;Alvarez;aurelio29@uni.pe;$12$8.V9TrkvclM9vWZ1kVm8HeIzJP6vS4ASeJzYpB29G/pY1XNq8K4a2;true;LOCAL;;2026-02-19 14:21:11.190 -0500;
c3497f3c-6371-4a24-b3c3-50b95702fccc;Mercedes;Casas;leonorvelazquez@uni.pe;$12$8.V9TrkvclM9vWZ1kVm8HeIzJP6vS4ASeJzYpB29G/pY1XNq8K4a2;true;LOCAL;;2026-02-19 14:21:11.190 -0500;
"2e3777ca-00c8-4518-85b8-756debb2603b";Vanesa;Razo;orellanahumberto@uni.pe;$12$8.V9TrkvclM9vWZ1kVm8HeIzJP6vS4ASeJzYpB29G/pY1XNq8K4a2;true;LOCAL;;2026-02-19 14:21:11.190 -0500;
"0c7c8a8e-414d-4734-9b94-04faf83989a3";Sandra;Orellana;hugopadilla@uni.pe;$12$8.V9TrkvclM9vWZ1kVm8HeIzJP6vS4ASeJzYpB29G/pY1XNq8K4a2;true;LOCAL;;2026-02-19 14:21:11.190 -0500;
"4659d633-dc1c-47b1-aac0-448be96ec7b4";Renato;Hidalgo;omar89@uni.pe;$12$8.V9TrkvclM9vWZ1kVm8HeIzJP6vS4ASeJzYpB29G/pY1XNq8K4a2;true;LOCAL;;2026-02-19 14:21:11.190 -0500;
"5e9ed858-eabc-4b29-bafe-4cc13cd6134c";José Carlos;Cardenas;pereavanesa@uni.pe;$12$8.V9TrkvclM9vWZ1kVm8HeIzJP6vS4ASeJzYpB29G/pY1XNq8K4a2;true;LOCAL;;2026-02-19 14:21:11.190 -0500;
b1b7fbdd-cd2d-4ab5-8ce7-7c3e7f06949f;Armando;Espino;danielarojo@uni.pe;$12$8.V9TrkvclM9vWZ1kVm8HeIzJP6vS4ASeJzYpB29G/pY1XNq8K4a2;true;LOCAL;;2026-02-19 14:21:11.190 -0500;
a7307e1f-11a2-4c31-9736-e01207999f90;Estela;Ruiz;ricardomontoya@uni.pe;$12$8.V9TrkvclM9vWZ1kVm8HeIzJP6vS4ASeJzYpB29G/pY1XNq8K4a2;true;LOCAL;;2026-02-19 14:21:11.190 -0500;
a65ed706-f304-4d71-a154-a9ef412789c1;Javier;Quiñónez;hernan57@uni.pe;$12$8.V9TrkvclM9vWZ1kVm8HeIzJP6vS4ASeJzYpB29G/pY1XNq8K4a2;true;LOCAL;;2026-02-19 14:21:11.190 -0500;
"9a038245-992f-429b-b3c8-25c3b8dd3e50";Noemí;Serrano;agustinbaez@uni.pe;$12$8.V9TrkvclM9vWZ1kVm8HeIzJP6vS4ASeJzYpB29G/pY1XNq8K4a2;true;LOCAL;;2026-02-19 14:21:11.190 -0500;
"99a26658-f735-4c13-8fa7-6dea8814e4de";Nicolás;Navarrete;wilfrido17@uni.pe;$12$8.V9TrkvclM9vWZ1kVm8HeIzJP6vS4ASeJzYpB29G/pY1XNq8K4a2;true;LOCAL;;2026-02-19 14:21:11.190 -0500;
d74e637e-69a9-4244-b9d4-6c23547c4ca5;Indira;Zelaya;marisol10@uni.pe;$12$8.V9TrkvclM9vWZ1kVm8HeIzJP6vS4ASeJzYpB29G/pY1XNq8K4a2;true;LOCAL;;2026-02-19 14:21:11.190 -0500;
d05e940f-a635-45a6-8669-38b4cd4f42d3;Gabriela;Rodrígez;lcadena@uni.pe;$12$8.V9TrkvclM9vWZ1kVm8HeIzJP6vS4ASeJzYpB29G/pY1XNq8K4a2;true;LOCAL;;2026-02-19 14:21:11.190 -0500;
"77e962a9-c0a0-4ca9-b660-4c4b617d33f3";Adriana;Cedillo;maximilianoviera@uni.pe;$12$8.V9TrkvclM9vWZ1kVm8HeIzJP6vS4ASeJzYpB29G/pY1XNq8K4a2;true;LOCAL;;2026-02-19 14:21:11.190 -0500;
ba4f5a12-c2d5-46ff-814a-741af1d92bb9;Oswaldo;Ordóñez;karla14@uni.pe;$12$8.V9TrkvclM9vWZ1kVm8HeIzJP6vS4ASeJzYpB29G/pY1XNq8K4a2;true;LOCAL;;2026-02-19 14:21:11.190 -0500;
"2bddd4ee-e111-45a1-a406-98ac469daf90";Felix;Ozuna;felixcedillo@uni.pe;$12$8.V9TrkvclM9vWZ1kVm8HeIzJP6vS4ASeJzYpB29G/pY1XNq8K4a2;true;LOCAL;;2026-02-19 14:21:11.190 -0500;
"19cec998-01b1-4ce1-b31b-078382c28580";Leonardo;Gil;santanaalicia@uni.pe;$12$8.V9TrkvclM9vWZ1kVm8HeIzJP6vS4ASeJzYpB29G/pY1XNq8K4a2;true;LOCAL;;2026-02-19 14:21:11.190 -0500;
"376cc5f7-7b8f-4433-86d6-ddc7d22ffdae";Samuel;Olivares;andres26@uni.pe;$12$8.V9TrkvclM9vWZ1kVm8HeIzJP6vS4ASeJzYpB29G/pY1XNq8K4a2;true;LOCAL;;2026-02-19 14:21:11.190 -0500;
ee56b69d-9d9d-442a-9a2f-d65b43890cd3;Blanca;Matías;dpadilla@uni.pe;$12$8.V9TrkvclM9vWZ1kVm8HeIzJP6vS4ASeJzYpB29G/pY1XNq8K4a2;true;LOCAL;;2026-02-19 14:21:11.190 -0500;
"302e4f65-b621-4c57-999e-a6ad29a7a893";Sandra;Matos;andrea30@uni.pe;$12$8.V9TrkvclM9vWZ1kVm8HeIzJP6vS4ASeJzYpB29G/pY1XNq8K4a2;true;LOCAL;;2026-02-19 14:21:11.190 -0500;
"0ef8391c-edc0-47fb-b4dc-21438707dbc1";Elias;Ponce;eva49@uni.pe;$12$8.V9TrkvclM9vWZ1kVm8HeIzJP6vS4ASeJzYpB29G/pY1XNq8K4a2;true;LOCAL;;2026-02-19 14:21:11.190 -0500;
"4a995c29-a13b-4391-bf6b-a53e869ca97d";Esmeralda;Arenas;serafin26@uni.pe;$12$8.V9TrkvclM9vWZ1kVm8HeIzJP6vS4ASeJzYpB29G/pY1XNq8K4a2;true;LOCAL;;2026-02-19 14:21:11.190 -0500;
f6d2bfd6-8212-4691-a826-9bf2e5868af8;Salvador;Villareal;gmendoza@uni.pe;$12$8.V9TrkvclM9vWZ1kVm8HeIzJP6vS4ASeJzYpB29G/pY1XNq8K4a2;true;LOCAL;;2026-02-19 14:21:11.190 -0500;
a2818976-9ffc-4401-8d9d-6243145bbd3e;Sergio;Roldán;bernabesoria@uni.pe;$12$8.V9TrkvclM9vWZ1kVm8HeIzJP6vS4ASeJzYpB29G/pY1XNq8K4a2;true;LOCAL;;2026-02-19 14:21:11.190 -0500;
"1f27bad2-1671-4504-8065-207f2748b25f";Esparta;Luna;mascarenasaraceli@uni.pe;$12$8.V9TrkvclM9vWZ1kVm8HeIzJP6vS4ASeJzYpB29G/pY1XNq8K4a2;true;LOCAL;;2026-02-19 14:21:11.190 -0500;
"341f0a2e-cbf0-4de5-91f2-dbd92c27bf48";Vicente;Orta;rodriguezitzel@uni.pe;$12$8.V9TrkvclM9vWZ1kVm8HeIzJP6vS4ASeJzYpB29G/pY1XNq8K4a2;true;LOCAL;;2026-02-19 14:21:11.190 -0500;
"100ea7d6-b6f3-43b4-a831-a1b64b8ce8c2";Rafaél;García;francisca67@uni.pe;$12$8.V9TrkvclM9vWZ1kVm8HeIzJP6vS4ASeJzYpB29G/pY1XNq8K4a2;true;LOCAL;;2026-02-19 14:21:11.190 -0500;
b6863b0c-f818-469b-992b-4f308892dd3a;Reynaldo;Quiñones;enriquezalonso@uni.pe;$12$8.V9TrkvclM9vWZ1kVm8HeIzJP6vS4ASeJzYpB29G/pY1XNq8K4a2;true;LOCAL;;2026-02-19 14:21:11.190 -0500;
"4071f438-7b80-4b19-96da-8768cc42bf20";Vicente;Pérez;peralesrosalia@uni.pe;$12$8.V9TrkvclM9vWZ1kVm8HeIzJP6vS4ASeJzYpB29G/pY1XNq8K4a2;true;LOCAL;;2026-02-19 14:21:11.190 -0500;
f5b99ff8-f77b-496e-85ec-363ec713b67d;Blanca;Collazo;aparicioalma@uni.pe;$12$8.V9TrkvclM9vWZ1kVm8HeIzJP6vS4ASeJzYpB29G/pY1XNq8K4a2;true;LOCAL;;2026-02-19 14:21:11.190 -0500;
"34436684-1602-4ed2-9166-1eb300e6e118";Cecilia;Berríos;mheredia@uni.pe;$12$8.V9TrkvclM9vWZ1kVm8HeIzJP6vS4ASeJzYpB29G/pY1XNq8K4a2;true;LOCAL;;2026-02-19 14:21:11.190 -0500;
"08418b93-c9c2-4f6a-93fe-e6999deeef42";Citlali;Madrigal;blanca49@uni.pe;$12$8.V9TrkvclM9vWZ1kVm8HeIzJP6vS4ASeJzYpB29G/pY1XNq8K4a2;true;LOCAL;;2026-02-19 14:21:11.190 -0500;
bd295fd9-46c0-40fe-8f3a-1b885fbba8b4;Rebeca;Camarillo;teresa59@uni.pe;$12$8.V9TrkvclM9vWZ1kVm8HeIzJP6vS4ASeJzYpB29G/pY1XNq8K4a2;true;LOCAL;;2026-02-19 14:21:11.190 -0500;
"0411458b-f7c0-45a8-9259-a6cf17534716";Mercedes;Treviño;yalvarado@uni.pe;$12$8.V9TrkvclM9vWZ1kVm8HeIzJP6vS4ASeJzYpB29G/pY1XNq8K4a2;true;LOCAL;;2026-02-19 14:21:11.190 -0500;
"97824f77-aa5c-46b4-8041-52398ac007ca";Ofelia;Varela;wvaladez@uni.pe;$12$8.V9TrkvclM9vWZ1kVm8HeIzJP6vS4ASeJzYpB29G/pY1XNq8K4a2;true;LOCAL;;2026-02-19 14:21:11.190 -0500;
dd48c1f7-4bb6-45e1-ae8a-e94045123481;Asunción;Rubio;rayaluisa@uni.pe;$12$8.V9TrkvclM9vWZ1kVm8HeIzJP6vS4ASeJzYpB29G/pY1XNq8K4a2;true;LOCAL;;2026-02-19 14:21:11.190 -0500;
"770635b5-c220-4c22-b73d-f3ca7a29ab32";Andrea;Romo;antonio15@uni.pe;$12$8.V9TrkvclM9vWZ1kVm8HeIzJP6vS4ASeJzYpB29G/pY1XNq8K4a2;true;LOCAL;;2026-02-19 14:21:11.190 -0500;
a4560918-c73e-4d80-9148-bff3b3ca7516;Rosa;Almaraz;ariadnaayala@uni.pe;$12$8.V9TrkvclM9vWZ1kVm8HeIzJP6vS4ASeJzYpB29G/pY1XNq8K4a2;true;LOCAL;;2026-02-19 14:21:11.190 -0500;
"36815923-4dd3-4103-be37-7a463ebb9996";Aida;Ochoa;emilia07@uni.pe;$12$8.V9TrkvclM9vWZ1kVm8HeIzJP6vS4ASeJzYpB29G/pY1XNq8K4a2;true;LOCAL;;2026-02-19 14:21:11.190 -0500;
e1a80714-5f70-495f-8527-27fe13d25cea;Claudia;Esquivel;ruby62@uni.pe;$12$8.V9TrkvclM9vWZ1kVm8HeIzJP6vS4ASeJzYpB29G/pY1XNq8K4a2;true;LOCAL;;2026-02-19 14:21:11.190 -0500;
"1e5f8eaa-e708-4231-9973-938b6207426c";Abigail;Treviño;aarreola@uni.pe;$12$8.V9TrkvclM9vWZ1kVm8HeIzJP6vS4ASeJzYpB29G/pY1XNq8K4a2;true;LOCAL;;2026-02-19 14:21:11.190 -0500;
"59b50cec-9b4d-43bb-9f1c-f19bc0742b34";Mónica;Espinal;frida34@uni.pe;$12$8.V9TrkvclM9vWZ1kVm8HeIzJP6vS4ASeJzYpB29G/pY1XNq8K4a2;true;LOCAL;;2026-02-19 14:21:11.190 -0500;
bb9d920c-1000-4e16-8d12-b0848064424a;Mercedes;Alvarado;mirelesalta-gracia@uni.pe;$12$8.V9TrkvclM9vWZ1kVm8HeIzJP6vS4ASeJzYpB29G/pY1XNq8K4a2;true;LOCAL;;2026-02-19 14:21:11.190 -0500;
"7b4a75b0-09d3-442a-924c-05dc5b3203d7";Hermelinda;Lozada;adelamadrigal@uni.pe;$12$8.V9TrkvclM9vWZ1kVm8HeIzJP6vS4ASeJzYpB29G/pY1XNq8K4a2;true;LOCAL;;2026-02-19 14:21:11.190 -0500;
"0c319e47-bc6a-40d0-9eb0-5f63ebb5221c";Estela;Mireles;marianoalfaro@uni.pe;$12$8.V9TrkvclM9vWZ1kVm8HeIzJP6vS4ASeJzYpB29G/pY1XNq8K4a2;true;LOCAL;;2026-02-19 14:21:11.190 -0500;
"45095026-ff91-4a48-aceb-77eef9d5ad03";Olga;Pineda;miguel-angel33@uni.pe;$12$8.V9TrkvclM9vWZ1kVm8HeIzJP6vS4ASeJzYpB29G/pY1XNq8K4a2;true;LOCAL;;2026-02-19 14:21:11.190 -0500;
"9dca82b9-178a-4f37-8bd7-7179809b7ab9";Blanca;de Anda;igaytan@uni.pe;$12$8.V9TrkvclM9vWZ1kVm8HeIzJP6vS4ASeJzYpB29G/pY1XNq8K4a2;true;LOCAL;;2026-02-19 14:21:11.190 -0500;
"12bdc984-bea8-4929-84f7-73daecc54774";Liliana;Esquivel;trujilloeugenia@uni.pe;$12$8.V9TrkvclM9vWZ1kVm8HeIzJP6vS4ASeJzYpB29G/pY1XNq8K4a2;true;LOCAL;;2026-02-19 14:21:11.190 -0500;
"90c7491d-b21a-4107-9d7f-71a38248d0a0";Salma;Briones;lgallegos@uni.pe;$12$8.V9TrkvclM9vWZ1kVm8HeIzJP6vS4ASeJzYpB29G/pY1XNq8K4a2;true;LOCAL;;2026-02-19 14:21:11.190 -0500;
"54e18ffb-af99-4e8a-93cf-e276062d8528";Rafaél;Girón;alvaro05@uni.pe;$12$8.V9TrkvclM9vWZ1kVm8HeIzJP6vS4ASeJzYpB29G/pY1XNq8K4a2;true;LOCAL;;2026-02-19 14:21:11.190 -0500;
"8325b4f5-0c2e-4508-9dee-884e9127d2bb";Adán;Botello;salgadoluis-miguel@uni.pe;$12$8.V9TrkvclM9vWZ1kVm8HeIzJP6vS4ASeJzYpB29G/pY1XNq8K4a2;true;LOCAL;;2026-02-19 14:21:11.190 -0500;
"82a20849-5dd7-4ca8-a0ce-956c64aa624a";Adriana;Vargas;pinaguillermo@uni.pe;$12$8.V9TrkvclM9vWZ1kVm8HeIzJP6vS4ASeJzYpB29G/pY1XNq8K4a2;true;LOCAL;;2026-02-19 14:21:11.190 -0500;
a4eb4f2d-c362-4320-8038-da20f0bcd62b;Gloria;Grijalva;lmunoz@uni.pe;$12$8.V9TrkvclM9vWZ1kVm8HeIzJP6vS4ASeJzYpB29G/pY1XNq8K4a2;true;LOCAL;;2026-02-19 14:21:11.190 -0500;
"5bbf75ed-14cd-4672-90aa-f7243dabdc39";Marcela;Llamas;vprado@uni.pe;$12$8.V9TrkvclM9vWZ1kVm8HeIzJP6vS4ASeJzYpB29G/pY1XNq8K4a2;true;LOCAL;;2026-02-19 14:21:11.190 -0500;
"4100d04c-517c-40a3-b614-673fce355d22";Magdalena;Granado;julio-cesar50@uni.pe;$12$8.V9TrkvclM9vWZ1kVm8HeIzJP6vS4ASeJzYpB29G/pY1XNq8K4a2;true;LOCAL;;2026-02-19 14:21:11.190 -0500;
"61da33f8-c332-4a95-aef4-2aadc699788d";Elvira;del Río;hperales@uni.pe;$12$8.V9TrkvclM9vWZ1kVm8HeIzJP6vS4ASeJzYpB29G/pY1XNq8K4a2;true;LOCAL;;2026-02-19 14:21:11.190 -0500;
d5b1fc0c-76b9-4be7-80c6-97f1e430e507;Aurelio;Guardado;silvia57@uni.pe;$12$8.V9TrkvclM9vWZ1kVm8HeIzJP6vS4ASeJzYpB29G/pY1XNq8K4a2;true;LOCAL;;2026-02-19 14:21:11.190 -0500;
"13a45da5-b493-4e59-ae01-02067453a361";Maximiliano;Manzanares;iveliz@uni.pe;$12$8.V9TrkvclM9vWZ1kVm8HeIzJP6vS4ASeJzYpB29G/pY1XNq8K4a2;true;LOCAL;;2026-02-19 14:21:11.190 -0500;
c5c2e9fa-4afc-4276-b9b6-03701f40a5fe;Víctor;Ocampo;silvanomojica@uni.pe;$12$8.V9TrkvclM9vWZ1kVm8HeIzJP6vS4ASeJzYpB29G/pY1XNq8K4a2;true;LOCAL;;2026-02-19 14:21:11.190 -0500;
"4a51cf30-b05a-47c8-9358-2e48b4fa4e2e";Patricia;Lozada;homero97@uni.pe;$12$8.V9TrkvclM9vWZ1kVm8HeIzJP6vS4ASeJzYpB29G/pY1XNq8K4a2;true;LOCAL;;2026-02-19 14:21:11.190 -0500;
"63f761c9-2b40-47e0-a917-ef9aaf30a893";Liliana;Moreno;jsierra@uni.pe;$12$8.V9TrkvclM9vWZ1kVm8HeIzJP6vS4ASeJzYpB29G/pY1XNq8K4a2;true;LOCAL;;2026-02-19 14:21:11.190 -0500;
"7a324a98-28fa-4b3a-819c-335b7e083634";Aldo;Parra;poncecatalina@uni.pe;$12$8.V9TrkvclM9vWZ1kVm8HeIzJP6vS4ASeJzYpB29G/pY1XNq8K4a2;true;LOCAL;;2026-02-19 14:21:11.190 -0500;
ba45f51f-c8e4-4c00-81e6-3fe1ec7af751;Irma;Hinojosa;dpaez@uni.pe;$12$8.V9TrkvclM9vWZ1kVm8HeIzJP6vS4ASeJzYpB29G/pY1XNq8K4a2;true;LOCAL;;2026-02-19 14:21:11.190 -0500;
"72b00236-40c9-48cf-b9d1-54f669e3d7c6";Yuridia;Crespo;dcrespo@uni.pe;$12$8.V9TrkvclM9vWZ1kVm8HeIzJP6vS4ASeJzYpB29G/pY1XNq8K4a2;true;LOCAL;;2026-02-19 14:21:11.190 -0500;
"26b6d6ac-4968-480e-876b-e9ab27c16e26";Asunción;Sarabia;abigail45@uni.pe;$12$8.V9TrkvclM9vWZ1kVm8HeIzJP6vS4ASeJzYpB29G/pY1XNq8K4a2;true;LOCAL;;2026-02-19 14:21:11.190 -0500;
e4a255e4-0928-4cad-aef9-734e718b2a57;Ramiro;Aponte;cedillodulce@uni.pe;$12$8.V9TrkvclM9vWZ1kVm8HeIzJP6vS4ASeJzYpB29G/pY1XNq8K4a2;true;LOCAL;;2026-02-19 14:21:11.190 -0500;
"735b6869-a0d3-4d19-a72b-f743172aac39";Jerónimo;Salcido;alejandroquezada@uni.pe;$12$8.V9TrkvclM9vWZ1kVm8HeIzJP6vS4ASeJzYpB29G/pY1XNq8K4a2;true;LOCAL;;2026-02-19 14:21:11.190 -0500;
"6fe7edda-d903-43d2-904d-63b002752565";Esparta;Bétancourt;molinaemilio@uni.pe;$12$8.V9TrkvclM9vWZ1kVm8HeIzJP6vS4ASeJzYpB29G/pY1XNq8K4a2;true;LOCAL;;2026-02-19 14:21:11.190 -0500;
"91bd806d-d786-43bc-a653-36cdbe83c5df";Fidel;Orellana;marisolquesada@uni.pe;$12$8.V9TrkvclM9vWZ1kVm8HeIzJP6vS4ASeJzYpB29G/pY1XNq8K4a2;true;LOCAL;;2026-02-19 14:21:11.190 -0500;
"9b05ebaa-e35a-4423-99ae-892c7010421e";Germán;Manzanares;pamelavilla@uni.pe;$12$8.V9TrkvclM9vWZ1kVm8HeIzJP6vS4ASeJzYpB29G/pY1XNq8K4a2;true;LOCAL;;2026-02-19 14:21:11.190 -0500;
b6fd060c-866b-4853-8821-191383104663;Delia;Zepeda;villanuevacynthia@uni.pe;$12$8.V9TrkvclM9vWZ1kVm8HeIzJP6vS4ASeJzYpB29G/pY1XNq8K4a2;true;LOCAL;;2026-02-19 14:21:11.190 -0500;
"59ab43de-c7be-4983-88f0-9187bf3fba1a";Norma;Arellano;eloisaalfaro@uni.pe;$12$8.V9TrkvclM9vWZ1kVm8HeIzJP6vS4ASeJzYpB29G/pY1XNq8K4a2;true;LOCAL;;2026-02-19 14:21:11.190 -0500;
"1f48aab1-0fd7-47e9-9451-af73c3a346b1";Lucía;Solorzano;emiliomeraz@uni.pe;$12$8.V9TrkvclM9vWZ1kVm8HeIzJP6vS4ASeJzYpB29G/pY1XNq8K4a2;true;LOCAL;;2026-02-19 14:21:11.190 -0500;
"5d83b862-1ca7-4dce-b5ff-f1f1e8538155";Yeni;Barreto;mateolucas@uni.pe;$12$8.V9TrkvclM9vWZ1kVm8HeIzJP6vS4ASeJzYpB29G/pY1XNq8K4a2;true;LOCAL;;2026-02-19 14:21:11.190 -0500;
"5ac31df2-5c23-4cc1-8520-e165fc4da23e";Guadalupe;Ruiz;pamelasevilla@uni.pe;$12$8.V9TrkvclM9vWZ1kVm8HeIzJP6vS4ASeJzYpB29G/pY1XNq8K4a2;true;LOCAL;;2026-02-19 14:21:11.190 -0500;
eae2ce9c-50dc-48e3-894a-0c513c5e271e;Judith;Munguía;fmena@uni.pe;$12$8.V9TrkvclM9vWZ1kVm8HeIzJP6vS4ASeJzYpB29G/pY1XNq8K4a2;true;LOCAL;;2026-02-19 14:21:11.190 -0500;
c5cd8492-768f-4da6-a824-5a611f7fab58;Luis Manuel;Carrillo;agil@uni.pe;$12$8.V9TrkvclM9vWZ1kVm8HeIzJP6vS4ASeJzYpB29G/pY1XNq8K4a2;true;LOCAL;;2026-02-19 14:21:11.190 -0500;
"0903ba82-efec-4890-a018-56cb84688dad";Genaro;de la Crúz;rubyjiminez@uni.pe;$12$8.V9TrkvclM9vWZ1kVm8HeIzJP6vS4ASeJzYpB29G/pY1XNq8K4a2;true;LOCAL;;2026-02-19 14:21:11.190 -0500;
"894c2365-36c1-4a27-b081-5f7ecfaca1e8";Renato;Gamez;castanedamonica@uni.pe;$12$8.V9TrkvclM9vWZ1kVm8HeIzJP6vS4ASeJzYpB29G/pY1XNq8K4a2;true;LOCAL;;2026-02-19 14:21:11.190 -0500;
"1022e954-15bc-4768-a432-a615c0f56e78";Linda;Rincón;bamador@uni.pe;$12$8.V9TrkvclM9vWZ1kVm8HeIzJP6vS4ASeJzYpB29G/pY1XNq8K4a2;true;LOCAL;;2026-02-19 14:21:11.190 -0500;
"7e2b4c65-0c4a-4bc4-80e1-46e33655b00d";Raúl;Madera;marcosbustos@uni.pe;$12$8.V9TrkvclM9vWZ1kVm8HeIzJP6vS4ASeJzYpB29G/pY1XNq8K4a2;true;LOCAL;;2026-02-19 14:21:11.190 -0500;
"122b61ba-0e04-433e-8131-488dcf33b68e";Natividad;Uribe;osegovia@uni.pe;$12$8.V9TrkvclM9vWZ1kVm8HeIzJP6vS4ASeJzYpB29G/pY1XNq8K4a2;true;LOCAL;;2026-02-19 14:21:11.190 -0500;
"32107b96-67be-4144-8dec-9873d1438342";Soledad;Monroy;santiagoorta@uni.pe;$12$8.V9TrkvclM9vWZ1kVm8HeIzJP6vS4ASeJzYpB29G/pY1XNq8K4a2;true;LOCAL;;2026-02-19 14:21:11.190 -0500;
"2cb78268-e4e3-41d6-b409-3b196df0ba39";Carolina;Báez;claudioborrego@uni.pe;$12$8.V9TrkvclM9vWZ1kVm8HeIzJP6vS4ASeJzYpB29G/pY1XNq8K4a2;true;LOCAL;;2026-02-19 14:21:11.190 -0500;
"81bb2ef8-f34f-4c70-9460-10a6d0f5c073";Ignacio;Ontiveros;cgollum@uni.pe;$12$8.V9TrkvclM9vWZ1kVm8HeIzJP6vS4ASeJzYpB29G/pY1XNq8K4a2;true;LOCAL;;2026-02-19 14:21:11.190 -0500;
"6a74d5c8-706f-4a72-9a6d-862f7330fc85";Graciela;Valencia;pablosantiago@uni.pe;$12$8.V9TrkvclM9vWZ1kVm8HeIzJP6vS4ASeJzYpB29G/pY1XNq8K4a2;true;LOCAL;;2026-02-19 14:21:11.190 -0500;
"6a9b3af9-7f5b-4ece-9149-3e42ac4c35e6";Cynthia;Almanza;nrodriguez@uni.pe;$12$8.V9TrkvclM9vWZ1kVm8HeIzJP6vS4ASeJzYpB29G/pY1XNq8K4a2;true;LOCAL;;2026-02-19 14:21:11.190 -0500;
"0a4abb55-4098-4040-9dbc-a1c90facd2db";Cristian;Carvajal;patricia89@uni.pe;$12$8.V9TrkvclM9vWZ1kVm8HeIzJP6vS4ASeJzYpB29G/pY1XNq8K4a2;true;LOCAL;;2026-02-19 14:21:11.190 -0500;
fe8b7d47-7ad2-43fe-b8d7-ac4fabc6d74b;Santiago;Altamirano;gabrielamercado@uni.pe;$12$8.V9TrkvclM9vWZ1kVm8HeIzJP6vS4ASeJzYpB29G/pY1XNq8K4a2;true;LOCAL;;2026-02-19 14:21:11.190 -0500;
"8851ee00-0980-4264-8518-4108ecf7034b";Abril;Terrazas;maria-eugeniaquiroz@uni.pe;$12$8.V9TrkvclM9vWZ1kVm8HeIzJP6vS4ASeJzYpB29G/pY1XNq8K4a2;true;LOCAL;;2026-02-19 14:21:11.190 -0500;
c39aa385-9259-44d3-83e6-ec2c9a94c47b;Alicia;Cordero;pascualesquivel@uni.pe;$12$8.V9TrkvclM9vWZ1kVm8HeIzJP6vS4ASeJzYpB29G/pY1XNq8K4a2;true;LOCAL;;2026-02-19 14:21:11.190 -0500;
"264d85e8-829e-45e8-9778-f2a505503b10";Daniel;Suárez;delgadojorge-luis@uni.pe;$12$8.V9TrkvclM9vWZ1kVm8HeIzJP6vS4ASeJzYpB29G/pY1XNq8K4a2;true;LOCAL;;2026-02-19 14:21:11.190 -0500;
"76fa7d04-3018-4d26-98a2-8f79d6d64620";Ofelia;Cavazos;camachokarina@uni.pe;$12$8.V9TrkvclM9vWZ1kVm8HeIzJP6vS4ASeJzYpB29G/pY1XNq8K4a2;true;LOCAL;;2026-02-19 14:21:11.190 -0500;
c94dbc39-175d-4da7-9657-c18e5e5e8287;Trinidad;Matos;jos09@uni.pe;$12$8.V9TrkvclM9vWZ1kVm8HeIzJP6vS4ASeJzYpB29G/pY1XNq8K4a2;true;LOCAL;;2026-02-19 14:21:11.190 -0500;
b3269ddd-309f-4669-b239-269ee81650c0;Roberto;Curiel;aureliouribe@uni.pe;$12$8.V9TrkvclM9vWZ1kVm8HeIzJP6vS4ASeJzYpB29G/pY1XNq8K4a2;true;LOCAL;;2026-02-19 14:21:11.190 -0500;
"5623fe27-bd98-4a35-bab6-ed69a3cb2628";Yuridia;Ureña;lilianatorres@uni.pe;$12$8.V9TrkvclM9vWZ1kVm8HeIzJP6vS4ASeJzYpB29G/pY1XNq8K4a2;true;LOCAL;;2026-02-19 14:21:11.190 -0500;
"7bef9c63-2eb2-4166-ae53-d27cf31bdaed";David;Cervantes;velaevelio@uni.pe;$12$8.V9TrkvclM9vWZ1kVm8HeIzJP6vS4ASeJzYpB29G/pY1XNq8K4a2;true;LOCAL;;2026-02-19 14:21:11.190 -0500;
"10811ef0-8e46-4741-838c-9c9871684b51";Rufino;Gil;angelabriones@uni.pe;$12$8.V9TrkvclM9vWZ1kVm8HeIzJP6vS4ASeJzYpB29G/pY1XNq8K4a2;true;LOCAL;;2026-02-19 14:21:11.190 -0500;
bc3cbc41-07c9-4a0c-b8f9-7a32165b5f61;Eric;Salas;saucedobruno@uni.pe;$12$8.V9TrkvclM9vWZ1kVm8HeIzJP6vS4ASeJzYpB29G/pY1XNq8K4a2;true;LOCAL;;2026-02-19 14:21:11.190 -0500;
ab6aad18-7699-4d58-a961-c811928303cd;Marco Antonio;Grijalva;quinteroaugusto@uni.pe;$12$8.V9TrkvclM9vWZ1kVm8HeIzJP6vS4ASeJzYpB29G/pY1XNq8K4a2;true;LOCAL;;2026-02-19 14:21:11.190 -0500;
"293c1872-1d67-4d17-94ca-18c9382e0f71";Indira;Rodríguez;dferrer@uni.pe;$12$8.V9TrkvclM9vWZ1kVm8HeIzJP6vS4ASeJzYpB29G/pY1XNq8K4a2;true;LOCAL;;2026-02-19 14:21:11.190 -0500;
"1bf40048-117f-4ed0-9055-ef16412b12b6";Perla;Tejeda;mbarreto@uni.pe;$12$8.V9TrkvclM9vWZ1kVm8HeIzJP6vS4ASeJzYpB29G/pY1XNq8K4a2;true;LOCAL;;2026-02-19 14:21:11.190 -0500;
"59bf01e5-610d-490d-a19a-22c339dede93";Luis Miguel;Castro;barajasalberto@uni.pe;$12$8.V9TrkvclM9vWZ1kVm8HeIzJP6vS4ASeJzYpB29G/pY1XNq8K4a2;true;LOCAL;;2026-02-19 14:21:11.190 -0500;
"36adfea9-e51c-40ca-8b58-4e6604006749";Elena;Madrid;ozunaemilia@uni.pe;$12$8.V9TrkvclM9vWZ1kVm8HeIzJP6vS4ASeJzYpB29G/pY1XNq8K4a2;true;LOCAL;;2026-02-19 14:21:11.190 -0500;
c59287e7-a691-4763-aa79-ed8c5ab65ec1;Perla;Madrigal;juliarosas@uni.pe;$12$8.V9TrkvclM9vWZ1kVm8HeIzJP6vS4ASeJzYpB29G/pY1XNq8K4a2;true;LOCAL;;2026-02-19 14:21:11.190 -0500;
"3c3f4601-2fd3-422c-baf7-a065272dd941";Andrea;Arreola;miguelortega@uni.pe;$12$8.V9TrkvclM9vWZ1kVm8HeIzJP6vS4ASeJzYpB29G/pY1XNq8K4a2;true;LOCAL;;2026-02-19 14:21:11.190 -0500;
c2773c31-84c5-49c9-abc0-4fef3f495cf1;Leonardo;Reyna;georginatrujillo@uni.pe;$12$8.V9TrkvclM9vWZ1kVm8HeIzJP6vS4ASeJzYpB29G/pY1XNq8K4a2;true;LOCAL;;2026-02-19 14:21:11.190 -0500;
ac311212-456e-49f4-81c0-9e941f341720;Carolina;Chacón;lcabrera@uni.pe;$12$8.V9TrkvclM9vWZ1kVm8HeIzJP6vS4ASeJzYpB29G/pY1XNq8K4a2;true;LOCAL;;2026-02-19 14:21:11.190 -0500;
"65142e70-4be7-426c-9e15-10468644bc3c";Jaqueline;Tello;rosabalderas@uni.pe;$12$8.V9TrkvclM9vWZ1kVm8HeIzJP6vS4ASeJzYpB29G/pY1XNq8K4a2;true;LOCAL;;2026-02-19 14:21:11.190 -0500;
a0dc0002-f737-4955-b19b-6b90af507c63;Marisela;Valencia;lbaca@uni.pe;$12$8.V9TrkvclM9vWZ1kVm8HeIzJP6vS4ASeJzYpB29G/pY1XNq8K4a2;true;LOCAL;;2026-02-19 14:21:11.190 -0500;
be2c4ad5-8784-430b-a807-02982aace42e;Vanesa;Ledesma;rendonangelica@uni.pe;$12$8.V9TrkvclM9vWZ1kVm8HeIzJP6vS4ASeJzYpB29G/pY1XNq8K4a2;true;LOCAL;;2026-02-19 14:21:11.190 -0500;
"14e85606-7e24-43d5-b3c2-90a5cf5c31a6";Itzel;Arias;valentinnoelia@uni.pe;$12$8.V9TrkvclM9vWZ1kVm8HeIzJP6vS4ASeJzYpB29G/pY1XNq8K4a2;true;LOCAL;;2026-02-19 14:21:11.190 -0500;
"491c2b37-29a0-4ec5-befd-e7c05c1ee4a4";Frida;Moreno;fridamontemayor@uni.pe;$12$8.V9TrkvclM9vWZ1kVm8HeIzJP6vS4ASeJzYpB29G/pY1XNq8K4a2;true;LOCAL;;2026-02-19 14:21:11.190 -0500;
"3063da32-53d7-4a6a-a3f7-7de55569ec8c";Jorge Luis;Zaragoza;cristobal79@uni.pe;$12$8.V9TrkvclM9vWZ1kVm8HeIzJP6vS4ASeJzYpB29G/pY1XNq8K4a2;true;LOCAL;;2026-02-19 14:21:11.190 -0500;
"3d063c7d-0193-41a1-ae8e-bb54b2ed9611";Indira;Mendoza;amaliamontanez@uni.pe;$12$8.V9TrkvclM9vWZ1kVm8HeIzJP6vS4ASeJzYpB29G/pY1XNq8K4a2;true;LOCAL;;2026-02-19 14:21:11.190 -0500;
"79dd27b0-3fd6-46e8-8027-c88f9c6fbac9";Modesto;Zapata;violetasisneros@uni.pe;$12$8.V9TrkvclM9vWZ1kVm8HeIzJP6vS4ASeJzYpB29G/pY1XNq8K4a2;true;LOCAL;;2026-02-19 14:21:11.190 -0500;
"77825e1c-02ba-4352-8f68-af4d192b3cb1";Eloisa;Calvillo;alfredozayas@uni.pe;$12$8.V9TrkvclM9vWZ1kVm8HeIzJP6vS4ASeJzYpB29G/pY1XNq8K4a2;true;LOCAL;;2026-02-19 14:21:11.190 -0500;
cfd43e43-0d99-4bb9-97a6-eb1ded949ef8;Clemente;Lugo;francisco-javier09@uni.pe;$12$8.V9TrkvclM9vWZ1kVm8HeIzJP6vS4ASeJzYpB29G/pY1XNq8K4a2;true;LOCAL;;2026-02-19 14:21:11.190 -0500;
"9360bc1d-df96-4647-a5d9-e079f94c5e8d";Conchita;Salas;valdezestefania@uni.pe;$12$8.V9TrkvclM9vWZ1kVm8HeIzJP6vS4ASeJzYpB29G/pY1XNq8K4a2;true;LOCAL;;2026-02-19 14:21:11.190 -0500;
"57716cfb-4302-4e51-b4b7-f3d8d0e53737";Martín;Carbajal;gerardo68@uni.pe;$12$8.V9TrkvclM9vWZ1kVm8HeIzJP6vS4ASeJzYpB29G/pY1XNq8K4a2;true;LOCAL;;2026-02-19 14:21:11.190 -0500;
"0cf39f21-5d65-49eb-b419-aad4917da84d";Marco Antonio;Camarillo;bianca98@uni.pe;$12$8.V9TrkvclM9vWZ1kVm8HeIzJP6vS4ASeJzYpB29G/pY1XNq8K4a2;true;LOCAL;;2026-02-19 14:21:11.190 -0500;
"04c5b450-315b-4313-9062-9258d29c4f17";Abelardo;Escamilla;virizarry@uni.pe;$12$8.V9TrkvclM9vWZ1kVm8HeIzJP6vS4ASeJzYpB29G/pY1XNq8K4a2;true;LOCAL;;2026-02-19 14:21:11.190 -0500;
a4cac1d8-3a96-4db1-a98b-330287565530;Miriam;Almaraz;miriamgollum@uni.pe;$12$8.V9TrkvclM9vWZ1kVm8HeIzJP6vS4ASeJzYpB29G/pY1XNq8K4a2;true;LOCAL;;2026-02-19 14:21:11.190 -0500;
"128ee407-f295-4a16-9cf5-46d64b968006";Mónica;Puga;puentecarlota@uni.pe;$12$8.V9TrkvclM9vWZ1kVm8HeIzJP6vS4ASeJzYpB29G/pY1XNq8K4a2;true;LOCAL;;2026-02-19 14:21:11.190 -0500;
"46fc1292-dc6b-46ac-8852-0f9efe6bebe3";Ana Luisa;Beltrán;ordonezjose-manuel@uni.pe;$12$8.V9TrkvclM9vWZ1kVm8HeIzJP6vS4ASeJzYpB29G/pY1XNq8K4a2;true;LOCAL;;2026-02-19 14:21:11.190 -0500;
"833a2294-9591-4040-9cc0-3706a4cfb1dc";Benito;Fonseca;wgrijalva@uni.pe;$12$8.V9TrkvclM9vWZ1kVm8HeIzJP6vS4ASeJzYpB29G/pY1XNq8K4a2;true;LOCAL;;2026-02-19 14:21:11.190 -0500;
e1554a42-35c3-4540-afa1-4977903290d7;María Teresa;Alcántar;cabanramiro@uni.pe;$12$8.V9TrkvclM9vWZ1kVm8HeIzJP6vS4ASeJzYpB29G/pY1XNq8K4a2;true;LOCAL;;2026-02-19 14:21:11.190 -0500;
"40cd25c4-83e8-4661-8705-8ebd3cb5edf1";Angélica;Valdez;ggonzales@uni.pe;$12$8.V9TrkvclM9vWZ1kVm8HeIzJP6vS4ASeJzYpB29G/pY1XNq8K4a2;true;LOCAL;;2026-02-19 14:21:11.190 -0500;
e7b66200-784f-43f7-88b6-62770ab0ac5b;Alberto;Reyna;estela24@uni.pe;$12$8.V9TrkvclM9vWZ1kVm8HeIzJP6vS4ASeJzYpB29G/pY1XNq8K4a2;true;LOCAL;;2026-02-19 14:21:11.190 -0500;
b64ec7fc-3d29-4e40-b699-bf664b2194b8;Graciela;Carmona;navarretealdo@uni.pe;$12$8.V9TrkvclM9vWZ1kVm8HeIzJP6vS4ASeJzYpB29G/pY1XNq8K4a2;true;LOCAL;;2026-02-19 14:21:11.190 -0500;
"17f81fb3-80e2-4f5a-b1e8-5da2c77243ef";Rocío;Ocasio;zacarias39@uni.pe;$12$8.V9TrkvclM9vWZ1kVm8HeIzJP6vS4ASeJzYpB29G/pY1XNq8K4a2;true;LOCAL;;2026-02-19 14:21:11.190 -0500;
b200b477-9aa6-4ac7-bb26-7a1ecd78c7a5;Ernesto;Flores;valenzuelacamila@uni.pe;$12$8.V9TrkvclM9vWZ1kVm8HeIzJP6vS4ASeJzYpB29G/pY1XNq8K4a2;true;LOCAL;;2026-02-19 14:21:11.190 -0500;
"6b546685-ddda-4e28-a41d-c2f58839299d";Mayte;Téllez;solorionatalia@uni.pe;$12$8.V9TrkvclM9vWZ1kVm8HeIzJP6vS4ASeJzYpB29G/pY1XNq8K4a2;true;LOCAL;;2026-02-19 14:21:11.190 -0500;
"94c46ce5-7875-447f-bf68-01845c53d840";Armando;de la Garza;aquintanilla@uni.pe;$12$8.V9TrkvclM9vWZ1kVm8HeIzJP6vS4ASeJzYpB29G/pY1XNq8K4a2;true;LOCAL;;2026-02-19 14:21:11.190 -0500;
ad9164d3-f603-4269-b2d5-441b96a96eaf;Andrés;Ocampo;alejandroconcepcion@uni.pe;$12$8.V9TrkvclM9vWZ1kVm8HeIzJP6vS4ASeJzYpB29G/pY1XNq8K4a2;true;LOCAL;;2026-02-19 14:21:11.190 -0500;
"65ed86cd-6361-42b7-b8a1-2199b9f6043c";Violeta;Negrón;pedro40@uni.pe;$12$8.V9TrkvclM9vWZ1kVm8HeIzJP6vS4ASeJzYpB29G/pY1XNq8K4a2;true;LOCAL;;2026-02-19 14:21:11.190 -0500;
"835f199a-ea45-4d70-9b4d-99d5a34e73ce";Mauricio;Quiñones;ypalomino@uni.pe;$12$8.V9TrkvclM9vWZ1kVm8HeIzJP6vS4ASeJzYpB29G/pY1XNq8K4a2;true;LOCAL;;2026-02-19 14:21:11.190 -0500;
"9c96cd84-2e68-4460-8bb8-d9654a428925";Dalia;Navarro;emiliano17@uni.pe;$12$8.V9TrkvclM9vWZ1kVm8HeIzJP6vS4ASeJzYpB29G/pY1XNq8K4a2;true;LOCAL;;2026-02-19 14:21:11.190 -0500;
"58ed8b30-3009-4236-990a-c3f5f2db1be8";Mariana;Valencia;hluevano@uni.pe;$12$8.V9TrkvclM9vWZ1kVm8HeIzJP6vS4ASeJzYpB29G/pY1XNq8K4a2;true;LOCAL;;2026-02-19 14:21:11.190 -0500;
ba7bc159-cd32-4956-af5f-85bb9ba8edfb;Angélica;de la Fuente;violeta40@uni.pe;$12$8.V9TrkvclM9vWZ1kVm8HeIzJP6vS4ASeJzYpB29G/pY1XNq8K4a2;true;LOCAL;;2026-02-19 14:21:11.190 -0500;
f6a2de1f-1cca-449f-b4cb-16ace92dd722;Cristal;Razo;contrerasgonzalo@uni.pe;$12$8.V9TrkvclM9vWZ1kVm8HeIzJP6vS4ASeJzYpB29G/pY1XNq8K4a2;true;LOCAL;;2026-02-19 14:21:11.190 -0500;
d0bce6a8-9229-4a24-a767-efdfee1774af;Violeta;Angulo;roberto63@uni.pe;$12$8.V9TrkvclM9vWZ1kVm8HeIzJP6vS4ASeJzYpB29G/pY1XNq8K4a2;true;LOCAL;;2026-02-19 14:21:11.190 -0500;
d399ccf9-e72b-48ab-b09a-8708c162940f;Gerardo;Porras;pperes@uni.pe;$12$8.V9TrkvclM9vWZ1kVm8HeIzJP6vS4ASeJzYpB29G/pY1XNq8K4a2;true;LOCAL;;2026-02-19 14:21:11.190 -0500;
"919b59c5-622f-43d7-84cb-d3993d113b3a";Estela;Bermúdez;minerva01@uni.pe;$12$8.V9TrkvclM9vWZ1kVm8HeIzJP6vS4ASeJzYpB29G/pY1XNq8K4a2;true;LOCAL;;2026-02-19 14:21:11.190 -0500;
fb5f7e89-ebf4-48b3-9d6c-e2ffaf2afdc0;Diego;Benavídez;leonelvenegas@uni.pe;$12$8.V9TrkvclM9vWZ1kVm8HeIzJP6vS4ASeJzYpB29G/pY1XNq8K4a2;true;LOCAL;;2026-02-19 14:21:11.190 -0500;
"7d1882e0-f71d-46de-8da1-ff9cf36284f0";Irene;Casanova;muroamador@uni.pe;$12$8.V9TrkvclM9vWZ1kVm8HeIzJP6vS4ASeJzYpB29G/pY1XNq8K4a2;true;LOCAL;;2026-02-19 14:21:11.190 -0500;
"6b25ee2e-e75d-4734-9190-358258c64ff6";Inés;Padrón;camilo84@uni.pe;$12$8.V9TrkvclM9vWZ1kVm8HeIzJP6vS4ASeJzYpB29G/pY1XNq8K4a2;true;LOCAL;;2026-02-19 14:21:11.190 -0500;
f9cc6499-093a-4e16-9034-4c67e608db6f;María;Marroquín;debora76@uni.pe;$12$8.V9TrkvclM9vWZ1kVm8HeIzJP6vS4ASeJzYpB29G/pY1XNq8K4a2;true;LOCAL;;2026-02-19 14:21:11.190 -0500;
"14b3ec62-ea2d-4519-967a-db0463d58eb7";Andrea;Madrigal;marco-antonio61@uni.pe;$12$8.V9TrkvclM9vWZ1kVm8HeIzJP6vS4ASeJzYpB29G/pY1XNq8K4a2;true;LOCAL;;2026-02-19 14:21:11.190 -0500;
"27d9692e-9755-44b0-9dda-dcb3543fac7e";Manuel;Villagómez;dulce87@uni.pe;$12$8.V9TrkvclM9vWZ1kVm8HeIzJP6vS4ASeJzYpB29G/pY1XNq8K4a2;true;LOCAL;;2026-02-19 14:21:11.190 -0500;
"92769732-5483-4cfb-96c4-eaa12eabbac9";Linda;Montemayor;dbriseno@uni.pe;$12$8.V9TrkvclM9vWZ1kVm8HeIzJP6vS4ASeJzYpB29G/pY1XNq8K4a2;true;LOCAL;;2026-02-19 14:21:11.190 -0500;
"4225d96a-7b39-4ddf-8a00-fb25dcb6f2ce";Esther;Zamora;octavio74@uni.pe;$12$8.V9TrkvclM9vWZ1kVm8HeIzJP6vS4ASeJzYpB29G/pY1XNq8K4a2;true;LOCAL;;2026-02-19 14:21:11.190 -0500;
"7307919a-a509-4e87-bef0-ffb3c771cfed";Frida;Casares;icuellar@uni.pe;$12$8.V9TrkvclM9vWZ1kVm8HeIzJP6vS4ASeJzYpB29G/pY1XNq8K4a2;true;LOCAL;;2026-02-19 14:21:11.190 -0500;
c7a5b5d4-34b2-4270-beb0-c0ea027e8d4f;Gabino;Colón;rosaliaruiz@uni.pe;$12$8.V9TrkvclM9vWZ1kVm8HeIzJP6vS4ASeJzYpB29G/pY1XNq8K4a2;true;LOCAL;;2026-02-19 14:21:11.190 -0500;
"86c10fe1-6c96-4e21-9dc8-6daee2113c73";Carmen;Galindo;duranalta-gracia@uni.pe;$12$8.V9TrkvclM9vWZ1kVm8HeIzJP6vS4ASeJzYpB29G/pY1XNq8K4a2;true;LOCAL;;2026-02-19 14:21:11.190 -0500;
"9fb1a669-a60b-4218-91d8-817ef9c179fa";Ricardo;Valverde;mtijerina@uni.pe;$12$8.V9TrkvclM9vWZ1kVm8HeIzJP6vS4ASeJzYpB29G/pY1XNq8K4a2;true;LOCAL;;2026-02-19 14:21:11.190 -0500;
f00b539b-6a81-43ef-8ae4-befd040eb28b;José Emilio;Fajardo;enriquecorrea@uni.pe;$12$8.V9TrkvclM9vWZ1kVm8HeIzJP6vS4ASeJzYpB29G/pY1XNq8K4a2;true;LOCAL;;2026-02-19 14:21:11.190 -0500;
c3dd91f6-6f43-4cb0-8606-5fa6229c72c5;Gloria;Godoy;eespinoza@uni.pe;$12$8.V9TrkvclM9vWZ1kVm8HeIzJP6vS4ASeJzYpB29G/pY1XNq8K4a2;true;LOCAL;;2026-02-19 14:21:11.190 -0500;
f485dce6-b6e3-42e5-a1b6-4a0fe4090e41;Fabiola;Bétancourt;lorenzopadron@uni.pe;$12$8.V9TrkvclM9vWZ1kVm8HeIzJP6vS4ASeJzYpB29G/pY1XNq8K4a2;true;LOCAL;;2026-02-19 14:21:11.190 -0500;
"759e0eff-db74-4c05-a506-0b1d4fa3e037";Hermelinda;Cisneros;avillagomez@uni.pe;$12$8.V9TrkvclM9vWZ1kVm8HeIzJP6vS4ASeJzYpB29G/pY1XNq8K4a2;true;LOCAL;;2026-02-19 14:21:11.190 -0500;
"6a23ba7f-2a3f-4e0b-9c95-0027f14ae937";Maximiliano;Verduzco;umanzanares@uni.pe;$12$8.V9TrkvclM9vWZ1kVm8HeIzJP6vS4ASeJzYpB29G/pY1XNq8K4a2;true;LOCAL;;2026-02-19 14:21:11.190 -0500;
dc5c1e9a-45c6-41e3-8a8b-db9cab7d430c;Catalina;Roque;pizarroamelia@uni.pe;$12$8.V9TrkvclM9vWZ1kVm8HeIzJP6vS4ASeJzYpB29G/pY1XNq8K4a2;true;LOCAL;;2026-02-19 14:21:11.190 -0500;
"96d29d10-a43a-4092-a338-b12a6be3679f";Cristian;Madrid;gustavogrijalva@uni.pe;$12$8.V9TrkvclM9vWZ1kVm8HeIzJP6vS4ASeJzYpB29G/pY1XNq8K4a2;true;LOCAL;;2026-02-19 14:21:11.190 -0500;
"3b7ff3d1-35a2-4ebd-bb4c-3b3fe02fb838";Nayeli;Ulloa;javierrivero@uni.pe;$12$8.V9TrkvclM9vWZ1kVm8HeIzJP6vS4ASeJzYpB29G/pY1XNq8K4a2;true;LOCAL;;2026-02-19 14:21:11.190 -0500;
"289f0fd6-9435-4784-9f62-28db63926355";Teodoro;de la Torre;fvelasquez@uni.pe;$12$8.V9TrkvclM9vWZ1kVm8HeIzJP6vS4ASeJzYpB29G/pY1XNq8K4a2;true;LOCAL;;2026-02-19 14:21:11.190 -0500;
"14f009c9-0b22-43e1-83fe-cb97efb06a21";Itzel;Reynoso;vacalucas@uni.pe;$12$8.V9TrkvclM9vWZ1kVm8HeIzJP6vS4ASeJzYpB29G/pY1XNq8K4a2;true;LOCAL;;2026-02-19 14:21:11.190 -0500;
e8df383d-14f2-4bd0-bcf6-d429a329d312;Beatriz;Marroquín;zsaucedo@uni.pe;$12$8.V9TrkvclM9vWZ1kVm8HeIzJP6vS4ASeJzYpB29G/pY1XNq8K4a2;true;LOCAL;;2026-02-19 14:21:11.190 -0500;
"16428f90-33cf-4a5b-acb0-3b20a53871bc";Itzel;Montemayor;jonas17@uni.pe;$12$8.V9TrkvclM9vWZ1kVm8HeIzJP6vS4ASeJzYpB29G/pY1XNq8K4a2;true;LOCAL;;2026-02-19 14:21:11.190 -0500;
"2f8bdaab-6815-4be5-babe-e54a266af7b1";Irma;Dávila;menailse@uni.pe;$12$8.V9TrkvclM9vWZ1kVm8HeIzJP6vS4ASeJzYpB29G/pY1XNq8K4a2;true;LOCAL;;2026-02-19 14:21:11.190 -0500;
"954baf2d-faf6-4941-80b1-52b6fdcc7bee";Arturo;Páez;marisol96@uni.pe;$12$8.V9TrkvclM9vWZ1kVm8HeIzJP6vS4ASeJzYpB29G/pY1XNq8K4a2;true;LOCAL;;2026-02-19 14:21:11.190 -0500;
"7bba272c-beb4-4ba6-8757-4c6c41870ff7";Agustín;Ruelas;yolanda27@uni.pe;$12$8.V9TrkvclM9vWZ1kVm8HeIzJP6vS4ASeJzYpB29G/pY1XNq8K4a2;true;LOCAL;;2026-02-19 14:21:11.190 -0500;
"14538cf4-9c30-4c20-b72f-92eff5d5d8c6";Bernabé;Rosas;cristinahernandes@uni.pe;$12$8.V9TrkvclM9vWZ1kVm8HeIzJP6vS4ASeJzYpB29G/pY1XNq8K4a2;true;LOCAL;;2026-02-19 14:21:11.190 -0500;
"870e4857-148c-4fe4-92ff-5abe0f3ce71c";Alvaro;Maldonado;trevinomaria-jose@uni.pe;$12$8.V9TrkvclM9vWZ1kVm8HeIzJP6vS4ASeJzYpB29G/pY1XNq8K4a2;true;LOCAL;;2026-02-19 14:21:11.190 -0500;
a8718893-ba31-4451-8fd7-038ce2e7dfc1;Nadia;Collazo;scorrales@uni.pe;$12$8.V9TrkvclM9vWZ1kVm8HeIzJP6vS4ASeJzYpB29G/pY1XNq8K4a2;true;LOCAL;;2026-02-19 14:21:11.190 -0500;
"81bb2104-5f4e-42fe-b69f-440949c6370c";Teresa;Godínez;moyaalfonso@uni.pe;$12$8.V9TrkvclM9vWZ1kVm8HeIzJP6vS4ASeJzYpB29G/pY1XNq8K4a2;true;LOCAL;;2026-02-19 14:21:11.190 -0500;
"10fae5c0-6aec-4233-9d49-1dcb3f2eedf3";Alvaro;Nieto;danielzaragoza@uni.pe;$12$8.V9TrkvclM9vWZ1kVm8HeIzJP6vS4ASeJzYpB29G/pY1XNq8K4a2;true;LOCAL;;2026-02-19 14:21:11.190 -0500;
"0d2bc5d7-3238-4779-9a49-a0c0b1e9d958";Concepción;Godoy;blancomartin@uni.pe;$12$8.V9TrkvclM9vWZ1kVm8HeIzJP6vS4ASeJzYpB29G/pY1XNq8K4a2;true;LOCAL;;2026-02-19 14:21:11.190 -0500;
"5b2d5145-6b5e-4a6c-a665-1e95e6ec9de9";Lucas;Escamilla;friashector@uni.pe;$12$8.V9TrkvclM9vWZ1kVm8HeIzJP6vS4ASeJzYpB29G/pY1XNq8K4a2;true;LOCAL;;2026-02-19 14:21:11.190 -0500;
e1988992-8945-4b9b-80b9-f0f0c727ec4e;Catalina;Carbajal;micaela66@uni.pe;$12$8.V9TrkvclM9vWZ1kVm8HeIzJP6vS4ASeJzYpB29G/pY1XNq8K4a2;true;LOCAL;;2026-02-19 14:21:11.190 -0500;
a2dfb42a-cc5d-4590-8d5d-421b3f5106d2;Gregorio;Pizarro;rosario08@uni.pe;$12$8.V9TrkvclM9vWZ1kVm8HeIzJP6vS4ASeJzYpB29G/pY1XNq8K4a2;true;LOCAL;;2026-02-19 14:21:11.190 -0500;
ea9e6ad9-ff4e-449c-bf58-3253e5ebe0f7;Violeta;Razo;igurule@uni.pe;$12$8.V9TrkvclM9vWZ1kVm8HeIzJP6vS4ASeJzYpB29G/pY1XNq8K4a2;true;LOCAL;;2026-02-19 14:21:11.190 -0500;
"3348b68d-9245-4b65-b651-b9735ce31fdb";Ariadna;Urbina;jose-maria86@uni.pe;$12$8.V9TrkvclM9vWZ1kVm8HeIzJP6vS4ASeJzYpB29G/pY1XNq8K4a2;true;LOCAL;;2026-02-19 14:21:11.190 -0500;
c0e756d4-71e4-44df-9dc4-16e02550a38c;Mario;Dueñas;caraballoana-luisa@uni.pe;$12$8.V9TrkvclM9vWZ1kVm8HeIzJP6vS4ASeJzYpB29G/pY1XNq8K4a2;true;LOCAL;;2026-02-19 14:21:11.190 -0500;
"98c3c07e-f650-410c-a541-e4ca900f0924";Margarita;Cedillo;jorge-luis92@uni.pe;$12$8.V9TrkvclM9vWZ1kVm8HeIzJP6vS4ASeJzYpB29G/pY1XNq8K4a2;true;LOCAL;;2026-02-19 14:21:11.190 -0500;
"1967834c-e081-4f77-a88b-e282003a7ca4";Elena;Carrero;cristinaanguiano@uni.pe;$12$8.V9TrkvclM9vWZ1kVm8HeIzJP6vS4ASeJzYpB29G/pY1XNq8K4a2;true;LOCAL;;2026-02-19 14:21:11.190 -0500;
cadecb89-ace0-45ee-8cd3-863c5c73c7f1;Oswaldo;Chávez;pilarmontalvo@uni.pe;$12$8.V9TrkvclM9vWZ1kVm8HeIzJP6vS4ASeJzYpB29G/pY1XNq8K4a2;true;LOCAL;;2026-02-19 14:21:11.190 -0500;
"00e428c2-0415-4075-90d7-545a711d9c55";Rubén;Ávila;aroque@uni.pe;$12$8.V9TrkvclM9vWZ1kVm8HeIzJP6vS4ASeJzYpB29G/pY1XNq8K4a2;true;LOCAL;;2026-02-19 14:21:11.190 -0500;
d71520a3-384a-43fe-a108-892a7d27d636;Sergio;Carreón;hruelas@uni.pe;$12$8.V9TrkvclM9vWZ1kVm8HeIzJP6vS4ASeJzYpB29G/pY1XNq8K4a2;true;LOCAL;;2026-02-19 14:21:11.190 -0500;
"41a3b9c9-b059-4374-accc-0522ed1704ff";Benito;Carvajal;rchacon@uni.pe;$12$8.V9TrkvclM9vWZ1kVm8HeIzJP6vS4ASeJzYpB29G/pY1XNq8K4a2;true;LOCAL;;2026-02-19 14:21:11.190 -0500;
"49ad8132-8058-41a8-bad5-8ff9b33021ec";Ramiro;Gastélum;lorenzo86@uni.pe;$12$8.V9TrkvclM9vWZ1kVm8HeIzJP6vS4ASeJzYpB29G/pY1XNq8K4a2;true;LOCAL;;2026-02-19 14:21:11.190 -0500;
b7252110-fd36-4cb0-8aa1-51bbe357d7a2;Miguel;Becerra;pvelez@uni.pe;$12$8.V9TrkvclM9vWZ1kVm8HeIzJP6vS4ASeJzYpB29G/pY1XNq8K4a2;true;LOCAL;;2026-02-19 14:21:11.190 -0500;
c0e1e12c-5a5c-444e-9777-7290f7fef797;Nayeli;Carmona;rodrigezoscar@uni.pe;$12$8.V9TrkvclM9vWZ1kVm8HeIzJP6vS4ASeJzYpB29G/pY1XNq8K4a2;true;LOCAL;;2026-02-19 14:21:11.190 -0500;
"81a145ee-eae5-4513-b0b2-c55f1c88c7e5";Angélica;Rincón;sandovalelvira@uni.pe;$12$8.V9TrkvclM9vWZ1kVm8HeIzJP6vS4ASeJzYpB29G/pY1XNq8K4a2;true;LOCAL;;2026-02-19 14:21:11.190 -0500;
b521b256-6b00-4efd-b08a-47f6245cdfb7;Julia;Peralta;nicolasbravo@uni.pe;$12$8.V9TrkvclM9vWZ1kVm8HeIzJP6vS4ASeJzYpB29G/pY1XNq8K4a2;true;LOCAL;;2026-02-19 14:21:11.190 -0500;
f4fafa62-10ca-4fb8-a6d8-828b1071243c;Pedro;Valencia;brobledo@uni.pe;$12$8.V9TrkvclM9vWZ1kVm8HeIzJP6vS4ASeJzYpB29G/pY1XNq8K4a2;true;LOCAL;;2026-02-19 14:21:11.190 -0500;
eb70e832-7249-48ac-b705-7cbccaf5860e;Ramón;Valladares;felixaparicio@uni.pe;$12$8.V9TrkvclM9vWZ1kVm8HeIzJP6vS4ASeJzYpB29G/pY1XNq8K4a2;true;LOCAL;;2026-02-19 14:21:11.190 -0500;
"8c2496c5-be7b-41bb-9655-ddfc391c2dc9";Fernando;Carmona;uesparza@uni.pe;$12$8.V9TrkvclM9vWZ1kVm8HeIzJP6vS4ASeJzYpB29G/pY1XNq8K4a2;true;LOCAL;;2026-02-19 14:21:11.190 -0500;
"646c927c-1443-4f9f-a313-06990aada658";Adela;Espino;rsaucedo@uni.pe;$12$8.V9TrkvclM9vWZ1kVm8HeIzJP6vS4ASeJzYpB29G/pY1XNq8K4a2;true;LOCAL;;2026-02-19 14:21:11.190 -0500;
"9f95c444-8ace-40a7-8e27-62aee4443e1b";Georgina;Almaraz;ana-luisaarias@uni.pe;$12$8.V9TrkvclM9vWZ1kVm8HeIzJP6vS4ASeJzYpB29G/pY1XNq8K4a2;true;LOCAL;;2026-02-19 14:21:11.190 -0500;
"814c25ea-b794-4264-b63d-88c8c4379dd8";José;Lara;matosgerardo@uni.pe;$12$8.V9TrkvclM9vWZ1kVm8HeIzJP6vS4ASeJzYpB29G/pY1XNq8K4a2;true;LOCAL;;2026-02-19 14:21:11.190 -0500;
"03ba6fe6-61a1-421d-9c6a-57679a1a32dc";Lorenzo;Mireles;nmorales@uni.pe;$12$8.V9TrkvclM9vWZ1kVm8HeIzJP6vS4ASeJzYpB29G/pY1XNq8K4a2;true;LOCAL;;2026-02-19 14:21:11.190 -0500;
c3c57cd2-2d86-4d94-9ffc-bcb7d074f816;Jesús;Grijalva;felixrodarte@uni.pe;$12$8.V9TrkvclM9vWZ1kVm8HeIzJP6vS4ASeJzYpB29G/pY1XNq8K4a2;true;LOCAL;;2026-02-19 14:21:11.190 -0500;
"531a7750-3115-4dbd-9ef4-5e1cd3826b3a";Eloisa;Robles;florezjudith@uni.pe;$12$8.V9TrkvclM9vWZ1kVm8HeIzJP6vS4ASeJzYpB29G/pY1XNq8K4a2;true;LOCAL;;2026-02-19 14:21:11.190 -0500;
"3592e12e-3f72-4ef5-83c2-e75103b427ef";Aurelio;Reyes;jonasvillalobos@uni.pe;$12$8.V9TrkvclM9vWZ1kVm8HeIzJP6vS4ASeJzYpB29G/pY1XNq8K4a2;true;LOCAL;;2026-02-19 14:21:11.190 -0500;
"865e5299-315e-42a0-9b74-9b7dc7bcf43c";Dulce María;Reyes;mguardado@uni.pe;$12$8.V9TrkvclM9vWZ1kVm8HeIzJP6vS4ASeJzYpB29G/pY1XNq8K4a2;true;LOCAL;;2026-02-19 14:21:11.190 -0500;
"1d01d206-42bc-4ea3-82d2-68cf507917cb";Anel;de la Garza;gustavo64@uni.pe;$12$8.V9TrkvclM9vWZ1kVm8HeIzJP6vS4ASeJzYpB29G/pY1XNq8K4a2;true;LOCAL;;2026-02-19 14:21:11.190 -0500;
"19a6ba71-3e85-43ca-81f0-515c602b9855";Clara;Barrientos;ricardo68@uni.pe;$12$8.V9TrkvclM9vWZ1kVm8HeIzJP6vS4ASeJzYpB29G/pY1XNq8K4a2;true;LOCAL;;2026-02-19 14:21:11.190 -0500;
"13b8e5ed-573f-4a48-82d7-63be63c4a08a";Aurelio;Márquez;jsalcido@uni.pe;$12$8.V9TrkvclM9vWZ1kVm8HeIzJP6vS4ASeJzYpB29G/pY1XNq8K4a2;true;LOCAL;;2026-02-19 14:21:11.190 -0500;
"23f3d715-2194-4854-a556-f1400fd31363";Arcelia;Huerta;noemiochoa@uni.pe;$12$8.V9TrkvclM9vWZ1kVm8HeIzJP6vS4ASeJzYpB29G/pY1XNq8K4a2;true;LOCAL;;2026-02-19 14:21:11.190 -0500;
c2478924-f311-44af-99bf-915b16d551b9;Alma;Colunga;ignaciocamacho@uni.pe;$12$8.V9TrkvclM9vWZ1kVm8HeIzJP6vS4ASeJzYpB29G/pY1XNq8K4a2;true;LOCAL;;2026-02-19 14:21:11.190 -0500;
"6a35a2c8-1704-4e11-871a-c936440661f6";Daniel;Gil;antonio52@uni.pe;$12$8.V9TrkvclM9vWZ1kVm8HeIzJP6vS4ASeJzYpB29G/pY1XNq8K4a2;true;LOCAL;;2026-02-19 14:21:11.190 -0500;
"5ba07102-e57e-48bb-9c25-81e73e01b0a7";Jerónimo;Contreras;oquendojaqueline@uni.pe;$12$8.V9TrkvclM9vWZ1kVm8HeIzJP6vS4ASeJzYpB29G/pY1XNq8K4a2;true;LOCAL;;2026-02-19 14:21:11.190 -0500;
"06687440-0f4f-483a-b311-d5b10d5a9741";Delia;Alcaraz;timoteolara@uni.pe;$12$8.V9TrkvclM9vWZ1kVm8HeIzJP6vS4ASeJzYpB29G/pY1XNq8K4a2;true;LOCAL;;2026-02-19 14:21:11.190 -0500;
"1502e961-3ad1-423e-8fe6-739228c0d103";Flavio;Carranza;veronicaanaya@uni.pe;$12$8.V9TrkvclM9vWZ1kVm8HeIzJP6vS4ASeJzYpB29G/pY1XNq8K4a2;true;LOCAL;;2026-02-19 14:21:11.190 -0500;
"0193428e-bd1f-453f-a0ca-b8464fb96570";Rodolfo;Alba;blancacavazos@uni.pe;$12$8.V9TrkvclM9vWZ1kVm8HeIzJP6vS4ASeJzYpB29G/pY1XNq8K4a2;true;LOCAL;;2026-02-19 14:21:11.190 -0500;
bbe32bde-27d8-4daf-8b31-5fa7ead967e5;Victoria;Gaitán;zlozada@uni.pe;$12$8.V9TrkvclM9vWZ1kVm8HeIzJP6vS4ASeJzYpB29G/pY1XNq8K4a2;true;LOCAL;;2026-02-19 14:21:11.190 -0500;
fc3eb226-15cb-478c-bd48-42153f2753ae;Iván;Hernandes;hsoto@uni.pe;$12$8.V9TrkvclM9vWZ1kVm8HeIzJP6vS4ASeJzYpB29G/pY1XNq8K4a2;true;LOCAL;;2026-02-19 14:21:11.190 -0500;
b4a21544-1534-4b09-accc-5e350235eb85;Yolanda;Sotelo;esperanzahernandes@uni.pe;$12$8.V9TrkvclM9vWZ1kVm8HeIzJP6vS4ASeJzYpB29G/pY1XNq8K4a2;true;LOCAL;;2026-02-19 14:21:11.190 -0500;
a2bc82ae-d4ed-4876-977e-dfae57b50997;Jorge Luis;Colón;carla33@uni.pe;$12$8.V9TrkvclM9vWZ1kVm8HeIzJP6vS4ASeJzYpB29G/pY1XNq8K4a2;true;LOCAL;;2026-02-19 14:21:11.190 -0500;
a55c2474-c0d8-4f58-bcb5-a95f7f6af0c0;Martha;Cantú;galvarez@uni.pe;$12$8.V9TrkvclM9vWZ1kVm8HeIzJP6vS4ASeJzYpB29G/pY1XNq8K4a2;true;LOCAL;;2026-02-19 14:21:11.190 -0500;
"6c370d46-479a-4d80-87c2-39748bdd5cd4";Ana Luisa;Roybal;xjaquez@uni.pe;$12$8.V9TrkvclM9vWZ1kVm8HeIzJP6vS4ASeJzYpB29G/pY1XNq8K4a2;true;LOCAL;;2026-02-19 14:21:11.190 -0500;
"8ee1ab1f-6e6c-427d-b615-209c42e2acfb";Yolanda;Ríos;zamudioirene@uni.pe;$12$8.V9TrkvclM9vWZ1kVm8HeIzJP6vS4ASeJzYpB29G/pY1XNq8K4a2;true;LOCAL;;2026-02-19 14:21:11.190 -0500;
"2dc3c271-22a9-492b-a015-2e6bad90ede1";Héctor;Feliciano;wcarreon@uni.pe;$12$8.V9TrkvclM9vWZ1kVm8HeIzJP6vS4ASeJzYpB29G/pY1XNq8K4a2;true;LOCAL;;2026-02-19 14:21:11.190 -0500;
"61de02d9-9996-46f5-93c6-277e3eee69ce";Frida;Mateo;saizbenjamin@uni.pe;$12$8.V9TrkvclM9vWZ1kVm8HeIzJP6vS4ASeJzYpB29G/pY1XNq8K4a2;true;LOCAL;;2026-02-19 14:21:11.190 -0500;
"8144c2f6-706f-496a-9fde-ba195b51ee05";Rubén;Cervántez;nancy46@uni.pe;$12$8.V9TrkvclM9vWZ1kVm8HeIzJP6vS4ASeJzYpB29G/pY1XNq8K4a2;true;LOCAL;;2026-02-19 14:21:11.190 -0500;
a6968ed1-f315-446a-8a2d-66cf65521f11;Aldonza;Otero;teodorooquendo@uni.pe;$12$8.V9TrkvclM9vWZ1kVm8HeIzJP6vS4ASeJzYpB29G/pY1XNq8K4a2;true;LOCAL;;2026-02-19 14:21:11.190 -0500;
"6cfd831a-2c53-411a-a3b2-f5ac52618387";Abigail;Centeno;jorge03@uni.pe;$12$8.V9TrkvclM9vWZ1kVm8HeIzJP6vS4ASeJzYpB29G/pY1XNq8K4a2;true;LOCAL;;2026-02-19 14:21:11.190 -0500;
"6dd1948a-4b6b-4a5c-913b-1b1fe8c2286c";Adriana;Gallegos;dulceriojas@uni.pe;$12$8.V9TrkvclM9vWZ1kVm8HeIzJP6vS4ASeJzYpB29G/pY1XNq8K4a2;true;LOCAL;;2026-02-19 14:21:11.190 -0500;
d7ab72d6-1252-4227-a3e5-d8b9080c31f4;Marco Antonio;Lebrón;fbarajas@uni.pe;$12$8.V9TrkvclM9vWZ1kVm8HeIzJP6vS4ASeJzYpB29G/pY1XNq8K4a2;true;LOCAL;;2026-02-19 14:21:11.190 -0500;
"30f9ac90-4842-4217-80c1-a5c436b31b3f";Hermelinda;Pérez;zoemarroquin@uni.pe;$12$8.V9TrkvclM9vWZ1kVm8HeIzJP6vS4ASeJzYpB29G/pY1XNq8K4a2;true;LOCAL;;2026-02-19 14:21:11.190 -0500;
"44a7c5b4-df0a-4f6c-8fd5-a0a118a704a7";Mateo;Acevedo;gloria48@uni.pe;$12$8.V9TrkvclM9vWZ1kVm8HeIzJP6vS4ASeJzYpB29G/pY1XNq8K4a2;true;LOCAL;;2026-02-19 14:21:11.190 -0500;
"57993506-5d08-4e6b-8731-5eb8b20e2eda";Germán;Toro;fidelvelez@uni.pe;$12$8.V9TrkvclM9vWZ1kVm8HeIzJP6vS4ASeJzYpB29G/pY1XNq8K4a2;true;LOCAL;;2026-02-19 14:21:11.190 -0500;
a3ff6cd8-f5d0-4567-b7c5-8ab6541fcaf0;Humberto;Romero;lheredia@uni.pe;$12$8.V9TrkvclM9vWZ1kVm8HeIzJP6vS4ASeJzYpB29G/pY1XNq8K4a2;true;LOCAL;;2026-02-19 14:21:11.190 -0500;
db083c65-afe2-4543-afe7-1893718125a2;Carolina;Serna;jmateo@uni.pe;$12$8.V9TrkvclM9vWZ1kVm8HeIzJP6vS4ASeJzYpB29G/pY1XNq8K4a2;true;LOCAL;;2026-02-19 14:21:11.190 -0500;
c74c21b6-0415-4c8f-ba51-fa641216a685;Elias;Valdez;pfuentes@uni.pe;$12$8.V9TrkvclM9vWZ1kVm8HeIzJP6vS4ASeJzYpB29G/pY1XNq8K4a2;true;LOCAL;;2026-02-19 14:21:11.190 -0500;
"87f7e208-c39f-44a5-a946-8818cdbba3f0";Mónica;Bañuelos;guillermo53@uni.pe;$12$8.V9TrkvclM9vWZ1kVm8HeIzJP6vS4ASeJzYpB29G/pY1XNq8K4a2;true;LOCAL;;2026-02-19 14:21:11.190 -0500;
"8601a14b-10ba-40bb-9e5d-f71ce23c21bc";Aurelio;Carrero;ceballosdiana@uni.pe;$12$8.V9TrkvclM9vWZ1kVm8HeIzJP6vS4ASeJzYpB29G/pY1XNq8K4a2;true;LOCAL;;2026-02-19 14:21:11.190 -0500;
"250fb6b7-1e7a-45aa-a26f-130289a739b6";Germán;Velasco;estevezjaime@uni.pe;$12$8.V9TrkvclM9vWZ1kVm8HeIzJP6vS4ASeJzYpB29G/pY1XNq8K4a2;true;LOCAL;;2026-02-19 14:21:11.190 -0500;
"1f3e8511-fa71-4c81-ac9e-00a413f7dd11";Inés;Escalante;mgamboa@uni.pe;$12$8.V9TrkvclM9vWZ1kVm8HeIzJP6vS4ASeJzYpB29G/pY1XNq8K4a2;true;LOCAL;;2026-02-19 14:21:11.190 -0500;
"5e556715-bd85-427c-876c-a1e593395354";Timoteo;Valladares;pizarromaria-teresa@uni.pe;$12$8.V9TrkvclM9vWZ1kVm8HeIzJP6vS4ASeJzYpB29G/pY1XNq8K4a2;true;LOCAL;;2026-02-19 14:21:11.190 -0500;
"13421782-6ee4-4c36-aa5c-cc176b613985";Natalia;Ceja;camila40@uni.pe;$12$8.V9TrkvclM9vWZ1kVm8HeIzJP6vS4ASeJzYpB29G/pY1XNq8K4a2;true;LOCAL;;2026-02-19 14:21:11.190 -0500;
